-- phpMyAdmin SQL Dump
-- version 5.2.1
-- https://www.phpmyadmin.net/
--
-- Host: 127.0.0.1
-- Waktu pembuatan: 15 Jan 2024 pada 08.39
-- Versi server: 10.4.28-MariaDB
-- Versi PHP: 8.1.17

SET SQL_MODE = "NO_AUTO_VALUE_ON_ZERO";
START TRANSACTION;
SET time_zone = "+00:00";


/*!40101 SET @OLD_CHARACTER_SET_CLIENT=@@CHARACTER_SET_CLIENT */;
/*!40101 SET @OLD_CHARACTER_SET_RESULTS=@@CHARACTER_SET_RESULTS */;
/*!40101 SET @OLD_COLLATION_CONNECTION=@@COLLATION_CONNECTION */;
/*!40101 SET NAMES utf8mb4 */;

--
-- Database: `questionnaire-undika`
--

-- --------------------------------------------------------

--
-- Struktur dari tabel `answers`
--

CREATE TABLE `answers` (
  `id` bigint(20) UNSIGNED NOT NULL,
  `submission_id` bigint(20) UNSIGNED NOT NULL,
  `question_id` bigint(20) UNSIGNED NOT NULL,
  `scale` int(11) NOT NULL,
  `created_at` timestamp NULL DEFAULT NULL,
  `updated_at` timestamp NULL DEFAULT NULL
) ENGINE=InnoDB DEFAULT CHARSET=utf8mb4 COLLATE=utf8mb4_unicode_ci;

--
-- Dumping data untuk tabel `answers`
--

INSERT INTO `answers` (`id`, `submission_id`, `question_id`, `scale`, `created_at`, `updated_at`) VALUES
(1, 2, 12, 3, '2023-12-30 12:09:48', '2023-12-30 12:09:48'),
(2, 2, 13, 4, '2023-12-30 12:09:48', '2023-12-30 12:09:48'),
(3, 2, 14, 1, '2023-12-30 12:09:48', '2023-12-30 12:09:48'),
(4, 2, 15, 4, '2023-12-30 12:09:48', '2023-12-30 12:09:48'),
(5, 2, 16, 5, '2023-12-30 12:09:48', '2023-12-30 12:09:48'),
(6, 2, 17, 2, '2023-12-30 12:09:48', '2023-12-30 12:09:48'),
(7, 2, 18, 4, '2023-12-30 12:09:48', '2023-12-30 12:09:48'),
(8, 2, 19, 1, '2023-12-30 12:09:48', '2023-12-30 12:09:48'),
(9, 2, 20, 4, '2023-12-30 12:09:48', '2023-12-30 12:09:48'),
(10, 2, 21, 3, '2023-12-30 12:09:48', '2023-12-30 12:09:48'),
(11, 2, 22, 4, '2023-12-30 12:09:48', '2023-12-30 12:09:48'),
(13, 3, 13, 4, '2024-01-01 14:05:14', '2024-01-01 14:05:14'),
(14, 3, 14, 1, '2024-01-01 14:05:14', '2024-01-01 14:05:14'),
(15, 3, 15, 2, '2024-01-01 14:05:14', '2024-01-01 14:05:14'),
(16, 3, 16, 4, '2024-01-01 14:05:14', '2024-01-01 14:05:14'),
(17, 3, 17, 5, '2024-01-01 14:05:14', '2024-01-01 14:05:14'),
(18, 3, 18, 4, '2024-01-01 14:05:14', '2024-01-01 14:05:14'),
(19, 3, 19, 2, '2024-01-01 14:05:14', '2024-01-01 14:05:14'),
(20, 3, 20, 4, '2024-01-01 14:05:14', '2024-01-01 14:05:14'),
(21, 3, 21, 2, '2024-01-01 14:05:14', '2024-01-01 14:05:14'),
(22, 3, 22, 3, '2024-01-01 14:05:14', '2024-01-01 14:05:14'),
(23, 4, 12, 2, '2024-01-01 14:06:16', '2024-01-01 14:06:16'),
(24, 4, 13, 2, '2024-01-01 14:06:16', '2024-01-01 14:06:16'),
(25, 4, 14, 3, '2024-01-01 14:06:16', '2024-01-01 14:06:16'),
(26, 4, 15, 3, '2024-01-01 14:06:17', '2024-01-01 14:06:17'),
(27, 4, 16, 4, '2024-01-01 14:06:17', '2024-01-01 14:06:17'),
(28, 4, 17, 4, '2024-01-01 14:06:17', '2024-01-01 14:06:17'),
(29, 4, 18, 2, '2024-01-01 14:06:17', '2024-01-01 14:06:17'),
(30, 4, 19, 3, '2024-01-01 14:06:17', '2024-01-01 14:06:17'),
(31, 4, 20, 3, '2024-01-01 14:06:17', '2024-01-01 14:06:17'),
(32, 4, 21, 5, '2024-01-01 14:06:17', '2024-01-01 14:06:17'),
(33, 4, 22, 1, '2024-01-01 14:06:17', '2024-01-01 14:06:17'),
(34, 5, 12, 3, '2024-01-01 14:07:22', '2024-01-01 14:07:22'),
(35, 5, 13, 2, '2024-01-01 14:07:22', '2024-01-01 14:07:22'),
(36, 5, 14, 1, '2024-01-01 14:07:22', '2024-01-01 14:07:22'),
(37, 5, 15, 4, '2024-01-01 14:07:22', '2024-01-01 14:07:22'),
(38, 5, 16, 5, '2024-01-01 14:07:22', '2024-01-01 14:07:22'),
(39, 5, 18, 3, '2024-01-01 14:07:22', '2024-01-01 14:07:22'),
(40, 5, 19, 1, '2024-01-01 14:07:22', '2024-01-01 14:07:22'),
(41, 5, 20, 2, '2024-01-01 14:07:22', '2024-01-01 14:07:22'),
(42, 5, 21, 4, '2024-01-01 14:07:22', '2024-01-01 14:07:22'),
(43, 5, 22, 5, '2024-01-01 14:07:22', '2024-01-01 14:07:22'),
(44, 6, 12, 3, '2024-01-01 14:08:17', '2024-01-01 14:08:17'),
(45, 6, 13, 4, '2024-01-01 14:08:17', '2024-01-01 14:08:17'),
(46, 6, 14, 5, '2024-01-01 14:08:17', '2024-01-01 14:08:17'),
(47, 6, 15, 1, '2024-01-01 14:08:17', '2024-01-01 14:08:17'),
(48, 6, 16, 2, '2024-01-01 14:08:17', '2024-01-01 14:08:17'),
(49, 6, 17, 2, '2024-01-01 14:08:17', '2024-01-01 14:08:17'),
(50, 6, 18, 3, '2024-01-01 14:08:17', '2024-01-01 14:08:17'),
(51, 6, 19, 4, '2024-01-01 14:08:17', '2024-01-01 14:08:17'),
(52, 6, 20, 5, '2024-01-01 14:08:17', '2024-01-01 14:08:17'),
(53, 6, 21, 2, '2024-01-01 14:08:17', '2024-01-01 14:08:17'),
(54, 6, 22, 4, '2024-01-01 14:08:17', '2024-01-01 14:08:17'),
(55, 7, 12, 4, '2024-01-01 14:09:08', '2024-01-01 14:09:08'),
(56, 7, 13, 2, '2024-01-01 14:09:08', '2024-01-01 14:09:08'),
(57, 7, 14, 1, '2024-01-01 14:09:08', '2024-01-01 14:09:08'),
(58, 7, 15, 4, '2024-01-01 14:09:08', '2024-01-01 14:09:08'),
(59, 7, 16, 2, '2024-01-01 14:09:08', '2024-01-01 14:09:08'),
(60, 7, 17, 5, '2024-01-01 14:09:08', '2024-01-01 14:09:08'),
(61, 7, 19, 3, '2024-01-01 14:09:08', '2024-01-01 14:09:08'),
(62, 7, 20, 1, '2024-01-01 14:09:08', '2024-01-01 14:09:08'),
(63, 7, 21, 5, '2024-01-01 14:09:08', '2024-01-01 14:09:08'),
(64, 7, 22, 3, '2024-01-01 14:09:08', '2024-01-01 14:09:08'),
(65, 8, 12, 2, '2024-01-01 14:11:32', '2024-01-01 14:11:32'),
(66, 8, 13, 3, '2024-01-01 14:11:32', '2024-01-01 14:11:32'),
(67, 8, 14, 4, '2024-01-01 14:11:32', '2024-01-01 14:11:32'),
(68, 8, 15, 5, '2024-01-01 14:11:32', '2024-01-01 14:11:32'),
(69, 8, 16, 1, '2024-01-01 14:11:32', '2024-01-01 14:11:32'),
(70, 8, 17, 3, '2024-01-01 14:11:32', '2024-01-01 14:11:32'),
(71, 8, 18, 2, '2024-01-01 14:11:32', '2024-01-01 14:11:32'),
(72, 8, 19, 4, '2024-01-01 14:11:32', '2024-01-01 14:11:32'),
(73, 8, 20, 4, '2024-01-01 14:11:32', '2024-01-01 14:11:32'),
(74, 8, 21, 4, '2024-01-01 14:11:32', '2024-01-01 14:11:32'),
(75, 8, 22, 5, '2024-01-01 14:11:32', '2024-01-01 14:11:32'),
(76, 9, 12, 2, '2024-01-01 14:12:37', '2024-01-01 14:12:37'),
(77, 9, 13, 2, '2024-01-01 14:12:37', '2024-01-01 14:12:37'),
(78, 9, 14, 3, '2024-01-01 14:12:37', '2024-01-01 14:12:37'),
(79, 9, 15, 4, '2024-01-01 14:12:37', '2024-01-01 14:12:37'),
(80, 9, 16, 5, '2024-01-01 14:12:37', '2024-01-01 14:12:37'),
(81, 9, 17, 5, '2024-01-01 14:12:37', '2024-01-01 14:12:37'),
(82, 9, 18, 4, '2024-01-01 14:12:37', '2024-01-01 14:12:37'),
(83, 9, 19, 2, '2024-01-01 14:12:37', '2024-01-01 14:12:37'),
(84, 9, 20, 1, '2024-01-01 14:12:37', '2024-01-01 14:12:37'),
(85, 9, 21, 5, '2024-01-01 14:12:37', '2024-01-01 14:12:37'),
(86, 9, 22, 5, '2024-01-01 14:12:37', '2024-01-01 14:12:37'),
(87, 10, 12, 2, '2024-01-01 14:13:25', '2024-01-01 14:13:25'),
(88, 10, 13, 3, '2024-01-01 14:13:25', '2024-01-01 14:13:25'),
(89, 10, 14, 4, '2024-01-01 14:13:25', '2024-01-01 14:13:25'),
(90, 10, 15, 5, '2024-01-01 14:13:25', '2024-01-01 14:13:25'),
(91, 10, 16, 2, '2024-01-01 14:13:25', '2024-01-01 14:13:25'),
(92, 10, 17, 5, '2024-01-01 14:13:25', '2024-01-01 14:13:25'),
(93, 10, 18, 4, '2024-01-01 14:13:25', '2024-01-01 14:13:25'),
(94, 10, 19, 3, '2024-01-01 14:13:25', '2024-01-01 14:13:25'),
(95, 10, 20, 3, '2024-01-01 14:13:25', '2024-01-01 14:13:25'),
(96, 10, 21, 3, '2024-01-01 14:13:25', '2024-01-01 14:13:25'),
(97, 10, 22, 1, '2024-01-01 14:13:25', '2024-01-01 14:13:25'),
(98, 11, 12, 3, '2024-01-01 14:14:11', '2024-01-01 14:14:11'),
(99, 11, 13, 4, '2024-01-01 14:14:11', '2024-01-01 14:14:11'),
(100, 11, 14, 5, '2024-01-01 14:14:11', '2024-01-01 14:14:11'),
(101, 11, 15, 4, '2024-01-01 14:14:11', '2024-01-01 14:14:11'),
(102, 11, 16, 2, '2024-01-01 14:14:11', '2024-01-01 14:14:11'),
(103, 11, 17, 1, '2024-01-01 14:14:11', '2024-01-01 14:14:11'),
(104, 11, 18, 4, '2024-01-01 14:14:11', '2024-01-01 14:14:11'),
(105, 11, 19, 3, '2024-01-01 14:14:11', '2024-01-01 14:14:11'),
(106, 11, 20, 3, '2024-01-01 14:14:11', '2024-01-01 14:14:11'),
(107, 11, 21, 5, '2024-01-01 14:14:11', '2024-01-01 14:14:11'),
(108, 11, 22, 3, '2024-01-01 14:14:11', '2024-01-01 14:14:11'),
(120, 13, 23, 3, '2024-01-13 06:31:02', '2024-01-13 06:31:02'),
(121, 13, 24, 4, '2024-01-13 06:31:02', '2024-01-13 06:31:02'),
(122, 13, 25, 3, '2024-01-13 06:31:02', '2024-01-13 06:31:02'),
(123, 13, 26, 4, '2024-01-13 06:31:02', '2024-01-13 06:31:02'),
(124, 13, 27, 4, '2024-01-13 06:31:02', '2024-01-13 06:31:02'),
(125, 13, 28, 1, '2024-01-13 06:31:02', '2024-01-13 06:31:02'),
(126, 13, 29, 2, '2024-01-13 06:31:02', '2024-01-13 06:31:02'),
(127, 13, 30, 4, '2024-01-13 06:31:02', '2024-01-13 06:31:02'),
(128, 13, 31, 1, '2024-01-13 06:31:02', '2024-01-13 06:31:02'),
(129, 13, 32, 5, '2024-01-13 06:31:02', '2024-01-13 06:31:02'),
(130, 13, 33, 4, '2024-01-13 06:31:02', '2024-01-13 06:31:02'),
(131, 13, 34, 1, '2024-01-13 06:31:02', '2024-01-13 06:31:02'),
(132, 13, 35, 2, '2024-01-13 06:31:02', '2024-01-13 06:31:02'),
(133, 14, 23, 1, '2024-01-13 06:33:52', '2024-01-13 06:33:52'),
(134, 14, 24, 4, '2024-01-13 06:33:52', '2024-01-13 06:33:52'),
(135, 14, 25, 4, '2024-01-13 06:33:52', '2024-01-13 06:33:52'),
(136, 14, 26, 4, '2024-01-13 06:33:52', '2024-01-13 06:33:52'),
(137, 14, 27, 4, '2024-01-13 06:33:52', '2024-01-13 06:33:52'),
(138, 14, 28, 2, '2024-01-13 06:33:52', '2024-01-13 06:33:52'),
(139, 14, 29, 1, '2024-01-13 06:33:52', '2024-01-13 06:33:52'),
(140, 14, 30, 5, '2024-01-13 06:33:52', '2024-01-13 06:33:52'),
(141, 14, 31, 4, '2024-01-13 06:33:52', '2024-01-13 06:33:52'),
(142, 14, 32, 3, '2024-01-13 06:33:52', '2024-01-13 06:33:52'),
(143, 14, 33, 4, '2024-01-13 06:33:52', '2024-01-13 06:33:52'),
(144, 14, 34, 1, '2024-01-13 06:33:52', '2024-01-13 06:33:52'),
(145, 14, 35, 2, '2024-01-13 06:33:52', '2024-01-13 06:33:52'),
(146, 15, 23, 2, '2024-01-13 06:35:14', '2024-01-13 06:35:14'),
(147, 15, 24, 2, '2024-01-13 06:35:14', '2024-01-13 06:35:14'),
(148, 15, 25, 2, '2024-01-13 06:35:14', '2024-01-13 06:35:14'),
(149, 15, 26, 2, '2024-01-13 06:35:14', '2024-01-13 06:35:14'),
(150, 15, 27, 4, '2024-01-13 06:35:14', '2024-01-13 06:35:14'),
(151, 15, 28, 3, '2024-01-13 06:35:14', '2024-01-13 06:35:14'),
(152, 15, 29, 3, '2024-01-13 06:35:14', '2024-01-13 06:35:14'),
(153, 15, 30, 3, '2024-01-13 06:35:14', '2024-01-13 06:35:14'),
(154, 15, 31, 4, '2024-01-13 06:35:14', '2024-01-13 06:35:14'),
(155, 15, 32, 5, '2024-01-13 06:35:14', '2024-01-13 06:35:14'),
(156, 15, 33, 2, '2024-01-13 06:35:14', '2024-01-13 06:35:14'),
(157, 15, 34, 1, '2024-01-13 06:35:14', '2024-01-13 06:35:14'),
(158, 15, 35, 2, '2024-01-13 06:35:14', '2024-01-13 06:35:14'),
(159, 16, 23, 3, '2024-01-13 06:36:41', '2024-01-13 06:36:41'),
(160, 16, 24, 2, '2024-01-13 06:36:41', '2024-01-13 06:36:41'),
(161, 16, 25, 4, '2024-01-13 06:36:41', '2024-01-13 06:36:41'),
(162, 16, 26, 4, '2024-01-13 06:36:41', '2024-01-13 06:36:41'),
(163, 16, 27, 4, '2024-01-13 06:36:41', '2024-01-13 06:36:41'),
(164, 16, 28, 2, '2024-01-13 06:36:41', '2024-01-13 06:36:41'),
(165, 16, 29, 1, '2024-01-13 06:36:41', '2024-01-13 06:36:41'),
(166, 16, 30, 3, '2024-01-13 06:36:41', '2024-01-13 06:36:41'),
(167, 16, 31, 5, '2024-01-13 06:36:41', '2024-01-13 06:36:41'),
(168, 16, 32, 5, '2024-01-13 06:36:41', '2024-01-13 06:36:41'),
(169, 16, 33, 4, '2024-01-13 06:36:41', '2024-01-13 06:36:41'),
(170, 16, 34, 2, '2024-01-13 06:36:41', '2024-01-13 06:36:41'),
(171, 16, 35, 1, '2024-01-13 06:36:41', '2024-01-13 06:36:41'),
(172, 17, 23, 3, '2024-01-13 06:37:46', '2024-01-13 06:37:46'),
(173, 17, 24, 4, '2024-01-13 06:37:46', '2024-01-13 06:37:46'),
(174, 17, 25, 4, '2024-01-13 06:37:46', '2024-01-13 06:37:46'),
(175, 17, 26, 4, '2024-01-13 06:37:46', '2024-01-13 06:37:46'),
(176, 17, 27, 5, '2024-01-13 06:37:46', '2024-01-13 06:37:46'),
(177, 17, 28, 2, '2024-01-13 06:37:46', '2024-01-13 06:37:46'),
(178, 17, 29, 2, '2024-01-13 06:37:46', '2024-01-13 06:37:46'),
(179, 17, 30, 1, '2024-01-13 06:37:46', '2024-01-13 06:37:46'),
(180, 17, 31, 3, '2024-01-13 06:37:46', '2024-01-13 06:37:46'),
(181, 17, 32, 4, '2024-01-13 06:37:46', '2024-01-13 06:37:46'),
(182, 17, 33, 5, '2024-01-13 06:37:46', '2024-01-13 06:37:46'),
(183, 17, 34, 5, '2024-01-13 06:37:46', '2024-01-13 06:37:46'),
(184, 17, 35, 1, '2024-01-13 06:37:46', '2024-01-13 06:37:46'),
(185, 18, 23, 4, '2024-01-13 06:39:10', '2024-01-13 06:39:10'),
(186, 18, 24, 2, '2024-01-13 06:39:10', '2024-01-13 06:39:10'),
(187, 18, 25, 3, '2024-01-13 06:39:10', '2024-01-13 06:39:10'),
(188, 18, 26, 4, '2024-01-13 06:39:10', '2024-01-13 06:39:10'),
(189, 18, 27, 4, '2024-01-13 06:39:10', '2024-01-13 06:39:10'),
(190, 18, 28, 4, '2024-01-13 06:39:10', '2024-01-13 06:39:10'),
(191, 18, 29, 1, '2024-01-13 06:39:10', '2024-01-13 06:39:10'),
(192, 18, 30, 5, '2024-01-13 06:39:10', '2024-01-13 06:39:10'),
(193, 18, 31, 4, '2024-01-13 06:39:10', '2024-01-13 06:39:10'),
(194, 18, 32, 2, '2024-01-13 06:39:10', '2024-01-13 06:39:10'),
(195, 18, 33, 4, '2024-01-13 06:39:10', '2024-01-13 06:39:10'),
(196, 18, 34, 5, '2024-01-13 06:39:10', '2024-01-13 06:39:10'),
(197, 18, 35, 1, '2024-01-13 06:39:10', '2024-01-13 06:39:10'),
(198, 19, 23, 2, '2024-01-13 06:40:14', '2024-01-13 06:40:14'),
(199, 19, 24, 3, '2024-01-13 06:40:14', '2024-01-13 06:40:14'),
(200, 19, 25, 3, '2024-01-13 06:40:14', '2024-01-13 06:40:14'),
(201, 19, 26, 4, '2024-01-13 06:40:14', '2024-01-13 06:40:14'),
(202, 19, 27, 5, '2024-01-13 06:40:14', '2024-01-13 06:40:14'),
(203, 19, 28, 4, '2024-01-13 06:40:14', '2024-01-13 06:40:14'),
(204, 19, 29, 5, '2024-01-13 06:40:14', '2024-01-13 06:40:14'),
(205, 19, 30, 4, '2024-01-13 06:40:14', '2024-01-13 06:40:14'),
(206, 19, 31, 3, '2024-01-13 06:40:14', '2024-01-13 06:40:14'),
(207, 19, 32, 5, '2024-01-13 06:40:14', '2024-01-13 06:40:14'),
(208, 19, 33, 2, '2024-01-13 06:40:14', '2024-01-13 06:40:14'),
(209, 19, 34, 3, '2024-01-13 06:40:14', '2024-01-13 06:40:14'),
(210, 19, 35, 1, '2024-01-13 06:40:14', '2024-01-13 06:40:14'),
(211, 20, 23, 2, '2024-01-13 06:41:18', '2024-01-13 06:41:18'),
(212, 20, 24, 2, '2024-01-13 06:41:18', '2024-01-13 06:41:18'),
(213, 20, 25, 4, '2024-01-13 06:41:18', '2024-01-13 06:41:18'),
(214, 20, 26, 2, '2024-01-13 06:41:18', '2024-01-13 06:41:18'),
(215, 20, 27, 4, '2024-01-13 06:41:18', '2024-01-13 06:41:18'),
(216, 20, 28, 1, '2024-01-13 06:41:18', '2024-01-13 06:41:18'),
(217, 20, 29, 1, '2024-01-13 06:41:18', '2024-01-13 06:41:18'),
(218, 20, 30, 3, '2024-01-13 06:41:18', '2024-01-13 06:41:18'),
(219, 20, 31, 4, '2024-01-13 06:41:18', '2024-01-13 06:41:18'),
(220, 20, 32, 4, '2024-01-13 06:41:18', '2024-01-13 06:41:18'),
(221, 20, 33, 3, '2024-01-13 06:41:18', '2024-01-13 06:41:18'),
(222, 20, 34, 5, '2024-01-13 06:41:18', '2024-01-13 06:41:18'),
(223, 20, 35, 3, '2024-01-13 06:41:18', '2024-01-13 06:41:18'),
(224, 21, 23, 2, '2024-01-13 06:42:12', '2024-01-13 06:42:12'),
(225, 21, 24, 3, '2024-01-13 06:42:12', '2024-01-13 06:42:12'),
(226, 21, 25, 4, '2024-01-13 06:42:12', '2024-01-13 06:42:12'),
(227, 21, 26, 2, '2024-01-13 06:42:12', '2024-01-13 06:42:12'),
(228, 21, 27, 4, '2024-01-13 06:42:12', '2024-01-13 06:42:12'),
(229, 21, 28, 3, '2024-01-13 06:42:12', '2024-01-13 06:42:12'),
(230, 21, 29, 5, '2024-01-13 06:42:12', '2024-01-13 06:42:12'),
(231, 21, 30, 1, '2024-01-13 06:42:12', '2024-01-13 06:42:12'),
(232, 21, 31, 2, '2024-01-13 06:42:12', '2024-01-13 06:42:12'),
(233, 21, 32, 2, '2024-01-13 06:42:12', '2024-01-13 06:42:12'),
(234, 21, 33, 5, '2024-01-13 06:42:12', '2024-01-13 06:42:12'),
(235, 21, 34, 4, '2024-01-13 06:42:12', '2024-01-13 06:42:12'),
(236, 21, 35, 1, '2024-01-13 06:42:12', '2024-01-13 06:42:12'),
(237, 22, 23, 3, '2024-01-13 06:42:57', '2024-01-13 06:42:57'),
(238, 22, 24, 4, '2024-01-13 06:42:57', '2024-01-13 06:42:57'),
(239, 22, 25, 4, '2024-01-13 06:42:57', '2024-01-13 06:42:57'),
(240, 22, 26, 4, '2024-01-13 06:42:57', '2024-01-13 06:42:57'),
(241, 22, 27, 4, '2024-01-13 06:42:57', '2024-01-13 06:42:57'),
(242, 22, 28, 5, '2024-01-13 06:42:57', '2024-01-13 06:42:57'),
(243, 22, 29, 1, '2024-01-13 06:42:57', '2024-01-13 06:42:57'),
(244, 22, 30, 4, '2024-01-13 06:42:57', '2024-01-13 06:42:57'),
(245, 22, 31, 4, '2024-01-13 06:42:57', '2024-01-13 06:42:57'),
(246, 22, 32, 1, '2024-01-13 06:42:57', '2024-01-13 06:42:57'),
(247, 22, 33, 1, '2024-01-13 06:42:57', '2024-01-13 06:42:57'),
(248, 22, 34, 3, '2024-01-13 06:42:57', '2024-01-13 06:42:57'),
(249, 22, 35, 1, '2024-01-13 06:42:57', '2024-01-13 06:42:57');

-- --------------------------------------------------------

--
-- Struktur dari tabel `categories`
--

CREATE TABLE `categories` (
  `id` bigint(20) UNSIGNED NOT NULL,
  `name` varchar(255) NOT NULL,
  `description` text DEFAULT NULL,
  `created_at` timestamp NULL DEFAULT NULL,
  `updated_at` timestamp NULL DEFAULT NULL
) ENGINE=InnoDB DEFAULT CHARSET=utf8mb4 COLLATE=utf8mb4_unicode_ci;

--
-- Dumping data untuk tabel `categories`
--

INSERT INTO `categories` (`id`, `name`, `description`, `created_at`, `updated_at`) VALUES
(1, 'Tangible', NULL, '2023-12-29 14:23:44', '2023-12-29 14:23:44'),
(2, 'Reliability', NULL, '2023-12-29 14:23:44', '2023-12-29 14:23:44'),
(3, 'Responsiveness', NULL, '2023-12-29 14:23:44', '2023-12-29 14:23:44'),
(4, 'Empathy', NULL, '2023-12-29 14:23:44', '2023-12-29 14:23:44'),
(5, 'Assurance', NULL, '2023-12-29 14:23:44', '2023-12-29 14:23:44');

-- --------------------------------------------------------

--
-- Struktur dari tabel `employees`
--

CREATE TABLE `employees` (
  `nik` varchar(6) NOT NULL,
  `name` varchar(255) NOT NULL,
  `created_at` timestamp NULL DEFAULT NULL,
  `updated_at` timestamp NULL DEFAULT NULL
) ENGINE=InnoDB DEFAULT CHARSET=utf8mb4 COLLATE=utf8mb4_unicode_ci;

--
-- Dumping data untuk tabel `employees`
--

INSERT INTO `employees` (`nik`, `name`, `created_at`, `updated_at`) VALUES
('123456', 'Argono Firgantoro M.Kom.', '2023-12-29 14:23:19', '2023-12-29 14:23:19'),
('151748', 'Samiah Mardhiyah', '2023-12-29 14:23:20', '2023-12-29 14:23:20'),
('176482', 'Indah Farida', '2023-12-29 14:23:21', '2023-12-29 14:23:21'),
('208273', 'Martana Jaeman Hidayanto', '2023-12-29 14:23:23', '2023-12-29 14:23:23'),
('325083', 'Syahrini Safitri', '2023-12-29 14:23:22', '2023-12-29 14:23:22'),
('431045', 'Dalima Safitri', '2023-12-29 14:23:22', '2023-12-29 14:23:22'),
('462713', 'Opan Dongoran M.M.', '2023-12-29 14:23:21', '2023-12-29 14:23:21'),
('609498', 'Edison Okto Uwais', '2023-12-29 14:23:20', '2023-12-29 14:23:20'),
('659728', 'Safina Usamah S.Psi', '2023-12-29 14:23:23', '2023-12-29 14:23:23'),
('687042', 'Faizah Permata', '2023-12-29 14:23:20', '2023-12-29 14:23:20'),
('727995', 'Ajiman Hutagalung', '2023-12-29 14:23:22', '2023-12-29 14:23:22'),
('809544', 'Jumari Dongoran', '2023-12-29 14:23:22', '2023-12-29 14:23:22'),
('840007', 'Teddy Prasasta', '2023-12-29 14:23:19', '2023-12-29 14:23:19'),
('877949', 'Michelle Purnawati S.H.', '2023-12-29 14:23:20', '2023-12-29 14:23:20'),
('914692', 'Yosef Zulkarnain M.Kom.', '2023-12-29 14:23:19', '2023-12-29 14:23:19'),
('951438', 'Siska Mardhiyah', '2023-12-29 14:23:21', '2023-12-29 14:23:21');

-- --------------------------------------------------------

--
-- Struktur dari tabel `faculties`
--

CREATE TABLE `faculties` (
  `id` bigint(20) UNSIGNED NOT NULL,
  `mngr_id` varchar(6) NOT NULL,
  `name` varchar(255) NOT NULL,
  `created_at` timestamp NULL DEFAULT NULL,
  `updated_at` timestamp NULL DEFAULT NULL
) ENGINE=InnoDB DEFAULT CHARSET=utf8mb4 COLLATE=utf8mb4_unicode_ci;

--
-- Dumping data untuk tabel `faculties`
--

INSERT INTO `faculties` (`id`, `mngr_id`, `name`, `created_at`, `updated_at`) VALUES
(1, '687042', 'Teknologi dan Informatika', '2023-12-29 14:23:23', '2023-12-29 14:23:23'),
(2, '151748', 'Ekonomi dan Bisnis', '2023-12-29 14:23:23', '2023-12-29 14:23:23'),
(3, '176482', 'Desain dan Industri Kreatif', '2023-12-29 14:23:23', '2023-12-29 14:23:23');

-- --------------------------------------------------------

--
-- Struktur dari tabel `failed_jobs`
--

CREATE TABLE `failed_jobs` (
  `id` bigint(20) UNSIGNED NOT NULL,
  `uuid` varchar(255) NOT NULL,
  `connection` text NOT NULL,
  `queue` text NOT NULL,
  `payload` longtext NOT NULL,
  `exception` longtext NOT NULL,
  `failed_at` timestamp NOT NULL DEFAULT current_timestamp()
) ENGINE=InnoDB DEFAULT CHARSET=utf8mb4 COLLATE=utf8mb4_unicode_ci;

-- --------------------------------------------------------

--
-- Struktur dari tabel `migrations`
--

CREATE TABLE `migrations` (
  `id` int(10) UNSIGNED NOT NULL,
  `migration` varchar(255) NOT NULL,
  `batch` int(11) NOT NULL
) ENGINE=InnoDB DEFAULT CHARSET=utf8mb4 COLLATE=utf8mb4_unicode_ci;

--
-- Dumping data untuk tabel `migrations`
--

INSERT INTO `migrations` (`id`, `migration`, `batch`) VALUES
(1, '2014_10_12_000000_create_users_table', 1),
(2, '2014_10_12_100000_create_password_reset_tokens_table', 1),
(3, '2014_10_12_100000_create_password_resets_table', 1),
(4, '2019_08_19_000000_create_failed_jobs_table', 1),
(5, '2019_12_14_000001_create_personal_access_tokens_table', 1),
(6, '2023_12_13_080022_create_employees_table', 1),
(7, '2023_12_13_080225_create_roles_table', 1),
(8, '2023_12_14_084539_create_user_role_table', 1),
(9, '2023_12_16_021121_create_faculties_table', 1),
(10, '2023_12_16_021123_create_study_programs_table', 1),
(11, '2023_12_16_021330_create_students_table', 1),
(12, '2023_12_17_160720_create_questionnaires_table', 1),
(13, '2023_12_17_160814_create_categories_table', 1),
(14, '2023_12_17_160844_create_questions_table', 1),
(15, '2023_12_17_160855_create_submissions_table', 1),
(16, '2023_12_17_160859_create_answers_table', 1),
(17, '2023_12_28_220121_create_semesters_table', 1);

-- --------------------------------------------------------

--
-- Struktur dari tabel `password_resets`
--

CREATE TABLE `password_resets` (
  `email` varchar(255) NOT NULL,
  `token` varchar(255) NOT NULL,
  `created_at` timestamp NULL DEFAULT NULL
) ENGINE=InnoDB DEFAULT CHARSET=utf8mb4 COLLATE=utf8mb4_unicode_ci;

-- --------------------------------------------------------

--
-- Struktur dari tabel `password_reset_tokens`
--

CREATE TABLE `password_reset_tokens` (
  `email` varchar(255) NOT NULL,
  `token` varchar(255) NOT NULL,
  `created_at` timestamp NULL DEFAULT NULL
) ENGINE=InnoDB DEFAULT CHARSET=utf8mb4 COLLATE=utf8mb4_unicode_ci;

-- --------------------------------------------------------

--
-- Struktur dari tabel `personal_access_tokens`
--

CREATE TABLE `personal_access_tokens` (
  `id` bigint(20) UNSIGNED NOT NULL,
  `tokenable_type` varchar(255) NOT NULL,
  `tokenable_id` bigint(20) UNSIGNED NOT NULL,
  `name` varchar(255) NOT NULL,
  `token` varchar(64) NOT NULL,
  `abilities` text DEFAULT NULL,
  `last_used_at` timestamp NULL DEFAULT NULL,
  `expires_at` timestamp NULL DEFAULT NULL,
  `created_at` timestamp NULL DEFAULT NULL,
  `updated_at` timestamp NULL DEFAULT NULL
) ENGINE=InnoDB DEFAULT CHARSET=utf8mb4 COLLATE=utf8mb4_unicode_ci;

-- --------------------------------------------------------

--
-- Struktur dari tabel `questionnaires`
--

CREATE TABLE `questionnaires` (
  `id` bigint(20) UNSIGNED NOT NULL,
  `study_program_id` bigint(20) UNSIGNED NOT NULL,
  `title` varchar(255) NOT NULL,
  `description` text NOT NULL,
  `status` enum('DRAFT','SUBMITTED','APPROVED','REJECTED') NOT NULL,
  `start_date` date DEFAULT NULL,
  `end_date` date DEFAULT NULL,
  `semester` varchar(3) NOT NULL,
  `created_at` timestamp NULL DEFAULT NULL,
  `updated_at` timestamp NULL DEFAULT NULL
) ENGINE=InnoDB DEFAULT CHARSET=utf8mb4 COLLATE=utf8mb4_unicode_ci;

--
-- Dumping data untuk tabel `questionnaires`
--

INSERT INTO `questionnaires` (`id`, `study_program_id`, `title`, `description`, `status`, `start_date`, `end_date`, `semester`, `created_at`, `updated_at`) VALUES
(1, 3, 'KUESIONER ANALISIS KEPUASAN  MAHASISWA TERHADAP LAYANAN PROGRAM STUDI DIII SISTEM INFORMASI', 'D3 SI', 'DRAFT', '2023-12-29', '2024-01-05', '222', '2023-12-29 14:32:44', '2023-12-29 16:39:34'),
(2, 3, 'wlwlwlwl', 'asdasda', 'DRAFT', '2023-12-29', '2024-01-07', '222', '2023-12-29 15:24:00', '2023-12-29 15:25:29'),
(3, 3, 'KUESIONER ANALISIS KEPUASAN  MAHASISWA TERHADAP LAYANAN PROGRAM STUDI DIII SISTEM INFORMASI', 'D3 SI', 'APPROVED', '2023-12-30', '2024-01-15', '231', '2023-12-30 10:56:17', '2024-01-13 06:26:37'),
(4, 3, 'wwf', 'wffwf', 'APPROVED', '2024-01-13', '2024-02-22', '231', '2024-01-13 05:42:55', '2024-01-13 06:27:28'),
(5, 3, 'ini kuesioner', 'kuesioner mantab', 'DRAFT', '2024-01-25', '2024-03-01', '231', '2024-01-14 09:39:37', '2024-01-14 10:22:22'),
(6, 3, 'tesss', 'tessss', 'SUBMITTED', '2024-03-02', '2024-03-05', '231', '2024-01-14 10:23:39', '2024-01-14 11:41:03'),
(12, 3, 'KUESIONER ANALISIS KEPUASAN  MAHASISWA TERHADAP LAYANAN PROGRAM STUDI DIII SISTEM INFORMASI', 'D3 SI', 'DRAFT', '2024-03-06', '2024-03-07', '231', '2024-01-14 11:04:44', '2024-01-14 11:13:55');

-- --------------------------------------------------------

--
-- Struktur dari tabel `questions`
--

CREATE TABLE `questions` (
  `id` bigint(20) UNSIGNED NOT NULL,
  `questionnaire_id` bigint(20) UNSIGNED NOT NULL,
  `category_id` bigint(20) UNSIGNED NOT NULL,
  `description` longtext NOT NULL,
  `created_at` timestamp NULL DEFAULT NULL,
  `updated_at` timestamp NULL DEFAULT NULL
) ENGINE=InnoDB DEFAULT CHARSET=utf8mb4 COLLATE=utf8mb4_unicode_ci;

--
-- Dumping data untuk tabel `questions`
--

INSERT INTO `questions` (`id`, `questionnaire_id`, `category_id`, `description`, `created_at`, `updated_at`) VALUES
(1, 1, 1, '<p>Ruang konsultasi&nbsp;di FTI sudah memadai untuk pelayanan kepada mahasiswa.</p>', '2023-12-29 14:33:35', '2023-12-29 14:33:35'),
(2, 1, 1, '<p>Ruang FTI tertata dengan bersih dan rapi.</p>', '2023-12-29 14:33:44', '2023-12-29 14:33:44'),
(3, 1, 1, '<p>Dosen DIII SI sudah berpenampilan baik</p>', '2023-12-29 14:33:56', '2023-12-29 14:33:56'),
(4, 1, 2, '<p>Dosen DIII SI telah memberikan bimbingan sesuai dengan kebutuhan mahasiswa</p>', '2023-12-29 14:34:06', '2023-12-29 14:34:06'),
(5, 1, 2, '<p>Dosen DIII SI dapat mengarahkan konsep yang dibuat mahasiswa pada proyek akhir</p>', '2023-12-29 14:34:17', '2023-12-29 14:34:17'),
(6, 1, 3, '<p>Dosen DIII SI dapat menjawab dengan baik jika ada pertanyaan dari mahasiswa terkait dengan kegiatan belajar mengajar&nbsp;</p>', '2023-12-29 14:34:28', '2023-12-29 14:34:28'),
(7, 1, 3, '<p>Dosen DIII SI sudah memberikan solusi terhadap permasalahan mahasiswa sesuai dengan yang diharapkan.</p>', '2023-12-29 14:34:37', '2023-12-29 14:34:37'),
(8, 1, 5, '<p>Kaprodi DIII SI sudah menyosialisasikan kepada mahasiswa tentang informasi kegiatan seperti magang MBKM, Proyek Akhir dan lain-lain</p>', '2023-12-29 14:34:58', '2023-12-29 14:34:58'),
(9, 1, 5, '<p>Dosen DIII SI sudah memberikan pelayanan kepada mahasiswa dengan baik</p>', '2023-12-29 14:35:08', '2023-12-29 14:35:08'),
(10, 1, 4, '<p>Jika mahasiswa bertanya tentang perihal yang terkait dengan tugas atau materi mata kuliah, maka dosen selalu membantunya.</p>', '2023-12-29 14:35:18', '2023-12-29 14:35:18'),
(11, 1, 4, '<p>Selama ini hubungan saya dengan dosen pengajar adalah baik.</p>', '2023-12-29 14:35:28', '2023-12-29 14:35:28'),
(12, 3, 1, '<p>Ruang konsultasi&nbsp;di FTI sudah memadai untuk pelayanan kepada mahasiswa.</p>', '2023-12-30 10:56:17', '2023-12-30 10:56:17'),
(13, 3, 1, '<p>Ruang FTI tertata dengan bersih dan rapi.</p>', '2023-12-30 10:56:17', '2023-12-30 10:56:17'),
(14, 3, 1, '<p>Dosen DIII SI sudah berpenampilan baik</p>', '2023-12-30 10:56:17', '2023-12-30 10:56:17'),
(15, 3, 2, '<p>Dosen DIII SI telah memberikan bimbingan sesuai dengan kebutuhan mahasiswa</p>', '2023-12-30 10:56:17', '2023-12-30 10:56:17'),
(16, 3, 2, '<p>Dosen DIII SI dapat mengarahkan konsep yang dibuat mahasiswa pada proyek akhir</p>', '2023-12-30 10:56:17', '2023-12-30 10:56:17'),
(17, 3, 3, '<p>Dosen DIII SI dapat menjawab dengan baik jika ada pertanyaan dari mahasiswa terkait dengan kegiatan belajar mengajar&nbsp;</p>', '2023-12-30 10:56:17', '2023-12-30 10:56:17'),
(18, 3, 3, '<p>Dosen DIII SI sudah memberikan solusi terhadap permasalahan mahasiswa sesuai dengan yang diharapkan.</p>', '2023-12-30 10:56:17', '2023-12-30 10:56:17'),
(19, 3, 5, '<p>Kaprodi DIII SI sudah menyosialisasikan kepada mahasiswa tentang informasi kegiatan seperti magang MBKM, Proyek Akhir dan lain-lain</p>', '2023-12-30 10:56:17', '2023-12-30 10:56:17'),
(20, 3, 5, '<p>Dosen DIII SI sudah memberikan pelayanan kepada mahasiswa dengan baik</p>', '2023-12-30 10:56:17', '2023-12-30 10:56:17'),
(21, 3, 4, '<p>Jika mahasiswa bertanya tentang perihal yang terkait dengan tugas atau materi mata kuliah, maka dosen selalu membantunya.</p>', '2023-12-30 10:56:17', '2023-12-30 10:56:17'),
(22, 3, 4, '<p>Selama ini hubungan saya dengan dosen pengajar adalah baik.</p>', '2023-12-30 10:56:17', '2023-12-30 10:56:17'),
(23, 4, 1, '<p>sdasdas</p>', '2024-01-13 06:23:05', '2024-01-13 06:23:05'),
(24, 4, 1, '<p>sdfsdfsd</p>', '2024-01-13 06:23:08', '2024-01-13 06:23:08'),
(25, 4, 1, '<p>sgsfgdfbfdg</p>', '2024-01-13 06:23:12', '2024-01-13 06:23:12'),
(26, 4, 1, '<p>tjjghmngm</p>', '2024-01-13 06:23:17', '2024-01-13 06:23:17'),
(27, 4, 1, '<p>vbfngfhger</p>', '2024-01-13 06:23:22', '2024-01-13 06:23:22'),
(28, 4, 2, '<p>erddf</p>', '2024-01-13 06:23:43', '2024-01-13 06:23:43'),
(29, 4, 2, '<p>bhndgdfgdf</p>', '2024-01-13 06:23:47', '2024-01-13 06:23:47'),
(30, 4, 3, '<p>bfghsdgwer</p>', '2024-01-13 06:23:52', '2024-01-13 06:23:52'),
(31, 4, 3, '<p>jymgmgmgh</p>', '2024-01-13 06:23:56', '2024-01-13 06:23:56'),
(32, 4, 4, '<p>sdfbrgbewfsdf</p>', '2024-01-13 06:24:02', '2024-01-13 06:24:02'),
(33, 4, 4, '<p>ghjthrtgdfsdvs</p>', '2024-01-13 06:24:07', '2024-01-13 06:24:07'),
(34, 4, 5, '<p>gefsdadsadaeeew</p>', '2024-01-13 06:24:14', '2024-01-13 06:24:14'),
(35, 4, 5, '<p>wrvqrfqefasfa</p>', '2024-01-13 06:24:19', '2024-01-13 06:24:19'),
(36, 5, 5, '<p>wdwd</p>', '2024-01-14 10:00:32', '2024-01-14 10:00:32'),
(37, 5, 5, '<p>vvv</p>', '2024-01-14 10:00:36', '2024-01-14 10:00:36'),
(38, 12, 1, '<p>Ruang konsultasi&nbsp;di FTI sudah memadai untuk pelayanan kepada mahasiswa.</p>', '2024-01-14 11:04:44', '2024-01-14 11:04:44'),
(39, 12, 1, '<p>Ruang FTI tertata dengan bersih dan rapi.</p>', '2024-01-14 11:04:44', '2024-01-14 11:04:44'),
(40, 12, 1, '<p>Dosen DIII SI sudah berpenampilan baik</p>', '2024-01-14 11:04:44', '2024-01-14 11:04:44'),
(41, 12, 2, '<p>Dosen DIII SI telah memberikan bimbingan sesuai dengan kebutuhan mahasiswa</p>', '2024-01-14 11:04:44', '2024-01-14 11:04:44'),
(42, 12, 2, '<p>Dosen DIII SI dapat mengarahkan konsep yang dibuat mahasiswa pada proyek akhir</p>', '2024-01-14 11:04:44', '2024-01-14 11:04:44'),
(43, 12, 3, '<p>Dosen DIII SI dapat menjawab dengan baik jika ada pertanyaan dari mahasiswa terkait dengan kegiatan belajar mengajar&nbsp;</p>', '2024-01-14 11:04:44', '2024-01-14 11:04:44'),
(44, 12, 3, '<p>Dosen DIII SI sudah memberikan solusi terhadap permasalahan mahasiswa sesuai dengan yang diharapkan.</p>', '2024-01-14 11:04:44', '2024-01-14 11:04:44'),
(45, 12, 5, '<p>Kaprodi DIII SI sudah menyosialisasikan kepada mahasiswa tentang informasi kegiatan seperti magang MBKM, Proyek Akhir dan lain-lain</p>', '2024-01-14 11:04:44', '2024-01-14 11:04:44'),
(46, 12, 5, '<p>Dosen DIII SI sudah memberikan pelayanan kepada mahasiswa dengan baik</p>', '2024-01-14 11:04:44', '2024-01-14 11:04:44'),
(47, 12, 4, '<p>Jika mahasiswa bertanya tentang perihal yang terkait dengan tugas atau materi mata kuliah, maka dosen selalu membantunya.</p>', '2024-01-14 11:04:44', '2024-01-14 11:04:44'),
(48, 12, 4, '<p>Selama ini hubungan saya dengan dosen pengajar adalah baik.</p>', '2024-01-14 11:04:44', '2024-01-14 11:04:44'),
(49, 6, 1, '<p>dwd</p>', '2024-01-14 11:30:35', '2024-01-14 11:30:35'),
(50, 6, 1, '<p>dwdwd</p>', '2024-01-14 11:32:51', '2024-01-14 11:32:51'),
(51, 6, 5, '<p>asdd</p>', '2024-01-14 11:39:37', '2024-01-14 11:39:37'),
(52, 6, 5, '<p>wdwdw</p>', '2024-01-14 11:39:44', '2024-01-14 11:39:44'),
(53, 6, 2, '<p>wdwdwd</p>', '2024-01-14 11:40:15', '2024-01-14 11:40:15'),
(54, 6, 2, '<p>wdwd</p>', '2024-01-14 11:40:23', '2024-01-14 11:40:23'),
(55, 6, 4, '<p>janncooook</p>', '2024-01-14 11:40:39', '2024-01-14 11:40:39'),
(56, 6, 4, '<p>janncooook</p>', '2024-01-14 11:40:39', '2024-01-14 11:40:39'),
(57, 6, 3, '<p>cscscsc</p>', '2024-01-14 11:40:46', '2024-01-14 11:40:46'),
(58, 6, 3, '<p>cscsc</p>', '2024-01-14 11:40:51', '2024-01-14 11:40:51');

-- --------------------------------------------------------

--
-- Struktur dari tabel `roles`
--

CREATE TABLE `roles` (
  `id` bigint(20) UNSIGNED NOT NULL,
  `name` varchar(255) NOT NULL,
  `created_at` timestamp NULL DEFAULT NULL,
  `updated_at` timestamp NULL DEFAULT NULL
) ENGINE=InnoDB DEFAULT CHARSET=utf8mb4 COLLATE=utf8mb4_unicode_ci;

--
-- Dumping data untuk tabel `roles`
--

INSERT INTO `roles` (`id`, `name`, `created_at`, `updated_at`) VALUES
(1, 'KAPRODI', '2023-12-29 14:23:18', '2023-12-29 14:23:18'),
(2, 'DEKAN', '2023-12-29 14:23:18', '2023-12-29 14:23:18'),
(3, 'PIMPINAN', '2023-12-29 14:23:18', '2023-12-29 14:23:18'),
(4, 'MAHASISWA', '2023-12-29 14:23:18', '2023-12-29 14:23:18');

-- --------------------------------------------------------

--
-- Struktur dari tabel `semesters`
--

CREATE TABLE `semesters` (
  `study_program_id` bigint(20) UNSIGNED NOT NULL,
  `smt_active` varchar(3) NOT NULL,
  `smt_upcoming` varchar(3) NOT NULL,
  `smt_previous` varchar(3) NOT NULL,
  `created_at` timestamp NULL DEFAULT NULL,
  `updated_at` timestamp NULL DEFAULT NULL
) ENGINE=InnoDB DEFAULT CHARSET=utf8mb4 COLLATE=utf8mb4_unicode_ci;

--
-- Dumping data untuk tabel `semesters`
--

INSERT INTO `semesters` (`study_program_id`, `smt_active`, `smt_upcoming`, `smt_previous`, `created_at`, `updated_at`) VALUES
(1, '231', '232', '222', '2023-12-29 14:23:44', '2023-12-29 14:23:44'),
(2, '231', '232', '222', '2023-12-29 14:23:44', '2023-12-29 14:23:44'),
(3, '231', '232', '222', '2023-12-29 14:23:44', '2023-12-29 14:23:44'),
(4, '231', '232', '222', '2023-12-29 14:23:44', '2023-12-29 14:23:44'),
(5, '231', '232', '222', '2023-12-29 14:23:44', '2023-12-29 14:23:44'),
(6, '231', '232', '222', '2023-12-29 14:23:44', '2023-12-29 14:23:44'),
(7, '231', '232', '222', '2023-12-29 14:23:44', '2023-12-29 14:23:44'),
(8, '231', '232', '222', '2023-12-29 14:23:44', '2023-12-29 14:23:44');

-- --------------------------------------------------------

--
-- Struktur dari tabel `students`
--

CREATE TABLE `students` (
  `nim` varchar(11) NOT NULL,
  `study_program_id` bigint(20) UNSIGNED NOT NULL,
  `name` varchar(255) NOT NULL,
  `created_at` timestamp NULL DEFAULT NULL,
  `updated_at` timestamp NULL DEFAULT NULL
) ENGINE=InnoDB DEFAULT CHARSET=utf8mb4 COLLATE=utf8mb4_unicode_ci;

--
-- Dumping data untuk tabel `students`
--

INSERT INTO `students` (`nim`, `study_program_id`, `name`, `created_at`, `updated_at`) VALUES
('12345678901', 3, 'Bambang Agus', '2024-01-14 09:35:26', '2024-01-14 09:35:26'),
('17005377197', 2, 'Melinda Padmasari', '2023-12-29 14:23:28', '2023-12-29 14:23:28'),
('17008533412', 8, 'Michelle Wahyuni', '2023-12-29 14:23:43', '2023-12-29 14:23:43'),
('17018814599', 8, 'Argono Adriansyah', '2023-12-29 14:23:43', '2023-12-29 14:23:43'),
('17044723004', 2, 'Maria Mayasari', '2023-12-29 14:23:27', '2023-12-29 14:23:27'),
('17052008008', 1, 'Legawa Ivan Hutagalung', '2023-12-29 14:23:24', '2023-12-29 14:23:24'),
('17054140456', 5, 'Digdaya Sinaga S.H.', '2023-12-29 14:23:36', '2023-12-29 14:23:36'),
('17057778433', 6, 'Anastasia Susanti S.Kom', '2023-12-29 14:23:39', '2023-12-29 14:23:39'),
('17079863880', 5, 'Salwa Aryani', '2023-12-29 14:23:34', '2023-12-29 14:23:34'),
('17087994870', 5, 'Wani Padmi Pudjiastuti M.TI.', '2023-12-29 14:23:36', '2023-12-29 14:23:36'),
('17089711740', 1, 'Tirtayasa Teguh Hutapea S.H.', '2023-12-29 14:23:25', '2023-12-29 14:23:25'),
('17103217434', 4, 'Candra Lembah Dabukke M.M.', '2023-12-29 14:23:32', '2023-12-29 14:23:32'),
('17105997884', 5, 'Gaman Sitompul', '2023-12-29 14:23:35', '2023-12-29 14:23:35'),
('17136979296', 3, 'Vino Prabowo', '2023-12-29 14:23:30', '2023-12-29 14:23:30'),
('17144837213', 7, 'Vanesa Kezia Purwanti S.T.', '2023-12-29 14:23:40', '2023-12-29 14:23:40'),
('17160820330', 7, 'Edi Rajata', '2023-12-29 14:23:41', '2023-12-29 14:23:41'),
('17169903064', 3, 'Edison Habibi', '2023-12-29 14:23:30', '2023-12-29 14:23:30'),
('17179324404', 7, 'Dartono Dabukke S.Ked', '2023-12-29 14:23:42', '2023-12-29 14:23:42'),
('17184056701', 2, 'Nasab Mahendra', '2023-12-29 14:23:26', '2023-12-29 14:23:26'),
('17187427322', 1, 'Hasna Halima Usada S.Psi', '2023-12-29 14:23:26', '2023-12-29 14:23:26'),
('17190947078', 3, 'Samiah Mardhiyah S.I.Kom', '2023-12-29 14:23:31', '2023-12-29 14:23:31'),
('17191173703', 4, 'Vera Mardhiyah S.Pt', '2023-12-29 14:23:32', '2023-12-29 14:23:32'),
('17218820046', 1, 'Bajragin Bahuwirya Damanik M.Farm', '2023-12-29 14:23:23', '2023-12-29 14:23:23'),
('17233584107', 2, 'Martani Manullang', '2023-12-29 14:23:28', '2023-12-29 14:23:28'),
('17258133967', 4, 'Mila Usamah', '2023-12-29 14:23:31', '2023-12-29 14:23:31'),
('17282505298', 4, 'Hana Uli Usada', '2023-12-29 14:23:33', '2023-12-29 14:23:33'),
('17298165734', 5, 'Laswi Saefullah', '2023-12-29 14:23:36', '2023-12-29 14:23:36'),
('17318555069', 7, 'Jais Ramadan', '2023-12-29 14:23:41', '2023-12-29 14:23:41'),
('17321092472', 6, 'Luwar Manullang', '2023-12-29 14:23:37', '2023-12-29 14:23:37'),
('17321268012', 6, 'Sari Gabriella Puspasari', '2023-12-29 14:23:38', '2023-12-29 14:23:38'),
('17354366170', 1, 'Jindra Jaka Mangunsong S.Sos', '2023-12-29 14:23:24', '2023-12-29 14:23:24'),
('17359443488', 3, 'Kemba Hutagalung', '2023-12-29 14:23:30', '2023-12-29 14:23:30'),
('17369840046', 8, 'Sidiq Galur Natsir', '2023-12-29 14:23:43', '2023-12-29 14:23:43'),
('17381524283', 2, 'Jarwi Garang Adriansyah', '2023-12-29 14:23:28', '2023-12-29 14:23:28'),
('17425014520', 8, 'Yessi Maimunah Lailasari', '2023-12-29 14:23:43', '2023-12-29 14:23:43'),
('17438760117', 1, 'Diah Jessica Mayasari S.Psi', '2023-12-29 14:23:26', '2023-12-29 14:23:26'),
('17438960939', 3, 'Zizi Halima Pertiwi', '2023-12-29 14:23:29', '2023-12-29 14:23:29'),
('17441388238', 1, 'Eluh Nababan', '2023-12-29 14:23:24', '2023-12-29 14:23:24'),
('17446189823', 4, 'Raina Ratna Pratiwi', '2023-12-29 14:23:34', '2023-12-29 14:23:34'),
('17449060664', 5, 'Marsito Sitompul', '2023-12-29 14:23:36', '2023-12-29 14:23:36'),
('17449535490', 2, 'Intan Kayla Lailasari', '2023-12-29 14:23:27', '2023-12-29 14:23:27'),
('17456613594', 6, 'Rahayu Rina Pratiwi M.M.', '2023-12-29 14:23:37', '2023-12-29 14:23:37'),
('17459405115', 8, 'Naradi Rajata S.Pd', '2023-12-29 14:23:42', '2023-12-29 14:23:42'),
('17461177018', 4, 'Lalita Maryati', '2023-12-29 14:23:32', '2023-12-29 14:23:32'),
('17462391521', 7, 'Ina Pudjiastuti', '2023-12-29 14:23:40', '2023-12-29 14:23:40'),
('17463564071', 5, 'Puput Aisyah Mardhiyah S.Ked', '2023-12-29 14:23:34', '2023-12-29 14:23:34'),
('17467227381', 2, 'Uda Dongoran', '2023-12-29 14:23:27', '2023-12-29 14:23:27'),
('17497425520', 3, 'Reksa Setiawan', '2023-12-29 14:23:31', '2023-12-29 14:23:31'),
('17511069357', 6, 'Kenes Wasita', '2023-12-29 14:23:38', '2023-12-29 14:23:38'),
('17521746277', 1, 'Usman Uwais', '2023-12-29 14:23:25', '2023-12-29 14:23:25'),
('17530885923', 3, 'Mitra Waluyo S.E.I', '2023-12-29 14:23:29', '2023-12-29 14:23:29'),
('17575810624', 2, 'Widya Suryatmi', '2023-12-29 14:23:27', '2023-12-29 14:23:27'),
('17584397619', 6, 'Vino Nrima Wibowo S.Pd', '2023-12-29 14:23:38', '2023-12-29 14:23:38'),
('17587984680', 5, 'Rahayu Lestari', '2023-12-29 14:23:35', '2023-12-29 14:23:35'),
('17597625217', 3, 'Vicky Fujiati', '2023-12-29 14:23:29', '2023-12-29 14:23:29'),
('17614584128', 7, 'Nabila Susanti', '2023-12-29 14:23:40', '2023-12-29 14:23:40'),
('17637208858', 7, 'Darimin Budiyanto', '2023-12-29 14:23:39', '2023-12-29 14:23:39'),
('17645744413', 8, 'Taufan Sitompul S.E.', '2023-12-29 14:23:44', '2023-12-29 14:23:44'),
('17652673630', 3, 'Mutia Haryanti M.Pd', '2023-12-29 14:23:31', '2023-12-29 14:23:31'),
('17654385062', 5, 'Gasti Zamira Widiastuti S.Pd', '2023-12-29 14:23:34', '2023-12-29 14:23:34'),
('17654625601', 7, 'Maryadi Wacana S.Pd', '2023-12-29 14:23:41', '2023-12-29 14:23:41'),
('17682056524', 3, 'Maya Utami', '2023-12-29 14:23:29', '2023-12-29 14:23:29'),
('17735154526', 7, 'Salsabila Utami', '2023-12-29 14:23:40', '2023-12-29 14:23:40'),
('17741897327', 8, 'Nabila Pudjiastuti', '2023-12-29 14:23:44', '2023-12-29 14:23:44'),
('17752555265', 5, 'Yulia Pratiwi', '2023-12-29 14:23:35', '2023-12-29 14:23:35'),
('17755359049', 8, 'Septi Lailasari', '2023-12-29 14:23:42', '2023-12-29 14:23:42'),
('17758760490', 4, 'Cakrabuana Kusumo', '2023-12-29 14:23:33', '2023-12-29 14:23:33'),
('17763522973', 6, 'Viktor Rosman Suryono M.Ak', '2023-12-29 14:23:38', '2023-12-29 14:23:38'),
('17768832784', 1, 'Karta Putu Rajasa S.I.Kom', '2023-12-29 14:23:25', '2023-12-29 14:23:25'),
('17771630835', 4, 'Novi Palastri', '2023-12-29 14:23:32', '2023-12-29 14:23:32'),
('17790044623', 1, 'Laksana Rafid Simbolon S.Sos', '2023-12-29 14:23:25', '2023-12-29 14:23:25'),
('17802392006', 8, 'Jane Purwanti', '2023-12-29 14:23:42', '2023-12-29 14:23:42'),
('17817260818', 6, 'Bakiadi Prasetya Latupono S.H.', '2023-12-29 14:23:37', '2023-12-29 14:23:37'),
('17822089317', 4, 'Qori Zulaika', '2023-12-29 14:23:33', '2023-12-29 14:23:33'),
('17864998263', 2, 'Jagaraga Rajasa M.Farm', '2023-12-29 14:23:28', '2023-12-29 14:23:28'),
('17872980284', 4, 'Bambang Narpati', '2023-12-29 14:23:33', '2023-12-29 14:23:33'),
('17909088623', 2, 'Salsabila Halimah', '2023-12-29 14:23:26', '2023-12-29 14:23:26'),
('17940685310', 6, 'Icha Aryani S.Psi', '2023-12-29 14:23:37', '2023-12-29 14:23:37'),
('17960948984', 6, 'Okta Prakasa', '2023-12-29 14:23:39', '2023-12-29 14:23:39'),
('17968533040', 7, 'Eli Hariyah', '2023-12-29 14:23:41', '2023-12-29 14:23:41'),
('17986920950', 8, 'Zahra Andriani', '2023-12-29 14:23:44', '2023-12-29 14:23:44');

-- --------------------------------------------------------

--
-- Struktur dari tabel `study_programs`
--

CREATE TABLE `study_programs` (
  `id` bigint(20) UNSIGNED NOT NULL,
  `faculty_id` bigint(20) UNSIGNED NOT NULL,
  `mngr_id` varchar(6) NOT NULL,
  `name` varchar(255) NOT NULL,
  `created_at` timestamp NULL DEFAULT NULL,
  `updated_at` timestamp NULL DEFAULT NULL
) ENGINE=InnoDB DEFAULT CHARSET=utf8mb4 COLLATE=utf8mb4_unicode_ci;

--
-- Dumping data untuk tabel `study_programs`
--

INSERT INTO `study_programs` (`id`, `faculty_id`, `mngr_id`, `name`, `created_at`, `updated_at`) VALUES
(1, 1, '462713', 'S1 Sistem Informasi', '2023-12-29 14:23:23', '2023-12-29 14:23:23'),
(2, 1, '951438', 'S1 Teknik Komputer', '2023-12-29 14:23:23', '2023-12-29 14:23:23'),
(3, 1, '325083', 'DIII Sistem Informasi', '2023-12-29 14:23:23', '2023-12-29 14:23:23'),
(4, 2, '462713', 'S1 Manajemen', '2023-12-29 14:23:23', '2023-12-29 14:23:23'),
(5, 2, '951438', 'S1 Akuntansi', '2023-12-29 14:23:23', '2023-12-29 14:23:23'),
(6, 3, '462713', 'S1 Desain Komunikasi Visual', '2023-12-29 14:23:23', '2023-12-29 14:23:23'),
(7, 3, '951438', 'S1 Desain Produk', '2023-12-29 14:23:23', '2023-12-29 14:23:23'),
(8, 3, '325083', 'DIV Produksi Film dan Televisi', '2023-12-29 14:23:23', '2023-12-29 14:23:23');

-- --------------------------------------------------------

--
-- Struktur dari tabel `submissions`
--

CREATE TABLE `submissions` (
  `id` bigint(20) UNSIGNED NOT NULL,
  `questionnaire_id` bigint(20) UNSIGNED NOT NULL,
  `nim` varchar(11) NOT NULL,
  `created_at` timestamp NULL DEFAULT NULL,
  `updated_at` timestamp NULL DEFAULT NULL
) ENGINE=InnoDB DEFAULT CHARSET=utf8mb4 COLLATE=utf8mb4_unicode_ci;

--
-- Dumping data untuk tabel `submissions`
--

INSERT INTO `submissions` (`id`, `questionnaire_id`, `nim`, `created_at`, `updated_at`) VALUES
(2, 3, '17005377197', '2023-12-30 12:09:48', '2023-12-30 12:09:48'),
(3, 3, '17008533412', '2024-01-01 14:05:14', '2024-01-01 14:05:14'),
(4, 3, '17018814599', '2024-01-01 14:06:16', '2024-01-01 14:06:16'),
(5, 3, '17044723004', '2024-01-01 14:07:22', '2024-01-01 14:07:22'),
(6, 3, '17052008008', '2024-01-01 14:08:17', '2024-01-01 14:08:17'),
(7, 3, '17054140456', '2024-01-01 14:09:08', '2024-01-01 14:09:08'),
(8, 3, '17057778433', '2024-01-01 14:11:32', '2024-01-01 14:11:32'),
(9, 3, '17079863880', '2024-01-01 14:12:37', '2024-01-01 14:12:37'),
(10, 3, '17087994870', '2024-01-01 14:13:25', '2024-01-01 14:13:25'),
(11, 3, '17089711740', '2024-01-01 14:14:11', '2024-01-01 14:14:11'),
(13, 4, '17136979296', '2024-01-13 06:31:02', '2024-01-13 06:31:02'),
(14, 4, '17169903064', '2024-01-13 06:33:52', '2024-01-13 06:33:52'),
(15, 4, '17190947078', '2024-01-13 06:35:14', '2024-01-13 06:35:14'),
(16, 4, '17359443488', '2024-01-13 06:36:41', '2024-01-13 06:36:41'),
(17, 4, '17438960939', '2024-01-13 06:37:46', '2024-01-13 06:37:46'),
(18, 4, '17497425520', '2024-01-13 06:39:10', '2024-01-13 06:39:10'),
(19, 4, '17530885923', '2024-01-13 06:40:14', '2024-01-13 06:40:14'),
(20, 4, '17597625217', '2024-01-13 06:41:18', '2024-01-13 06:41:18'),
(21, 4, '17652673630', '2024-01-13 06:42:12', '2024-01-13 06:42:12'),
(22, 4, '17682056524', '2024-01-13 06:42:57', '2024-01-13 06:42:57');

-- --------------------------------------------------------

--
-- Struktur dari tabel `users`
--

CREATE TABLE `users` (
  `id` varchar(11) NOT NULL,
  `email` varchar(255) NOT NULL,
  `email_verified_at` timestamp NULL DEFAULT NULL,
  `password` varchar(255) NOT NULL,
  `remember_token` varchar(100) DEFAULT NULL,
  `created_at` timestamp NULL DEFAULT NULL,
  `updated_at` timestamp NULL DEFAULT NULL
) ENGINE=InnoDB DEFAULT CHARSET=utf8mb4 COLLATE=utf8mb4_unicode_ci;

--
-- Dumping data untuk tabel `users`
--

INSERT INTO `users` (`id`, `email`, `email_verified_at`, `password`, `remember_token`, `created_at`, `updated_at`) VALUES
('123456', 'sitorus.gada@example.net', '2023-12-29 14:23:18', '$2y$12$P8h0YKuibzOnEd4JVEYq6unr8RKpF0zd8uGDKqTWBK6pix1FQj72O', 'fL7Nexp9g0oatHDINBpaY8RKiBxGMPSwLEjZG5HcUBOKkWL1c5K7ZuEnRXZi', '2023-12-29 14:23:19', '2023-12-29 14:23:19'),
('12345678901', 'bambang@gmail.com', NULL, '$2y$12$iTEAdCxiXrNoXHPxadsx.el5BZ4ufvBWHWG8xkLsjSpBAdj3ntQMC', NULL, '2024-01-14 09:35:26', '2024-01-14 09:35:26'),
('151748', 'salsabila53@example.com', '2023-12-29 14:23:20', '$2y$12$6kVf.uhBtkmZzIDrTva8e.xzM7.AD9cfVThC1.odfTC7oUgeeNcDG', '8xdo9IqMDE', '2023-12-29 14:23:20', '2023-12-29 14:23:20'),
('17005377197', 'lamar31@example.com', '2023-12-29 14:23:28', '$2y$12$m84P.4HZPtCfnpORLUitY.sbY8jk11OyM3xbj02/rau9g6Ny0F29i', '7X9k0i0vroZuII9MkYYxKaXpc9RVDXCuscIOphzsF9LIttcPUCaDzkiAtI45', '2023-12-29 14:23:28', '2023-12-29 14:23:28'),
('17008533412', 'darijan.dabukke@example.net', '2023-12-29 14:23:43', '$2y$12$D/4AYB6ZqbeGF27UppMLsOG3SP6GzlE8Gs2GYMcSLYGiH1vk49N1K', 'R6bxyu44qjkdR8r8I8GHCdLIjG6NZzLnOqb0f0XzVZDgWXHNJ3LsSOhgoyPv', '2023-12-29 14:23:43', '2023-12-29 14:23:43'),
('17018814599', 'karna.mahendra@example.org', '2023-12-29 14:23:42', '$2y$12$TUdbqQXwa8Bblngz/eMr4uAWUseteGMFjW28MwpkUUZynKma3J5gW', 'tKnJWOnAtAilAalhUFTis8pvuyJFKPN5XnZU2ohRtZOqPZcDcq8wQRTMeqYi', '2023-12-29 14:23:43', '2023-12-29 14:23:43'),
('17044723004', 'riyanti.jaga@example.net', '2023-12-29 14:23:27', '$2y$12$rqgWeKg/iZhyuBcxHR3f4evejPvwmz/aYkeL/lUbSb1ypNra5AuSK', 'MYrRWvSVcBko1q1KRzFjYgSF8TgZk5lcafy9OQoFbPegUUvshj3jMKT8EVfM', '2023-12-29 14:23:27', '2023-12-29 14:23:27'),
('17052008008', 'hardiansyah.vicky@example.com', '2023-12-29 14:23:24', '$2y$12$fxuYF4lzJoX67n.krPznLeLkDI2Aa.B6hQ4UrN1g9rVZgt.UXA60y', '6hyYNv7KDInbApZ0Fq0WzICMIDUf4XMgv4okl30BBHyoeNY6r0yQa6tmEqXl', '2023-12-29 14:23:24', '2023-12-29 14:23:24'),
('17054140456', 'estiono.budiyanto@example.com', '2023-12-29 14:23:35', '$2y$12$98DaUvX9tGbOEUXzqUoaXeZYuBvIX1w0dTqzvm9tFEZgWBFSmKC0q', 'WBoVsq6ThctCdVtOoS3T1jZ6xcvaxHIvM9pw2Nr1KAV2ik0xdIxUwPvnmdn3', '2023-12-29 14:23:36', '2023-12-29 14:23:36'),
('17057778433', 'jelita.putra@example.com', '2023-12-29 14:23:39', '$2y$12$/k9etU8nu27iGF.cVJUvnOVW3U3JH698zqYJl9FdgQb0hMz8k1Qh2', 'sct4WUE5OCjr2tktvHSEAtD4wdQnQVSZAYNvA25u4OPSwwaN5FT0pTOP8k3i', '2023-12-29 14:23:39', '2023-12-29 14:23:39'),
('17079863880', 'jati90@example.com', '2023-12-29 14:23:34', '$2y$12$w9MB7j1.Sl7igWXA.Y9HUOwI9mtKFicGi/Dr90LVTQGXelZdZrwTm', 'n6rKxUZYfS', '2023-12-29 14:23:34', '2023-12-29 14:23:34'),
('17087994870', 'latupono.gading@example.net', '2023-12-29 14:23:36', '$2y$12$CFInJNOmRui1CKS6GoQRse16rIISdYDEUPmJQOA4I8ftb1XEIXime', 'Jpb0xGQi4o', '2023-12-29 14:23:36', '2023-12-29 14:23:36'),
('17089711740', 'rahimah.zamira@example.net', '2023-12-29 14:23:25', '$2y$12$7jksQC/OaJuPFyf2wig4wOy3fiwLRL6xdKwnDt2CtWY4qVwS4jceK', 'ibnKTCX7bK', '2023-12-29 14:23:25', '2023-12-29 14:23:25'),
('17103217434', 'estiawan00@example.net', '2023-12-29 14:23:32', '$2y$12$CXQy31bE9G0BMObnEr5vpOltGbjwc6dcLKQA2PpWJgGwyjhjh/8hS', '3UKdOk3UV5', '2023-12-29 14:23:32', '2023-12-29 14:23:32'),
('17105997884', 'euyainah@example.net', '2023-12-29 14:23:35', '$2y$12$FThca5KD0wdSKzEreNLmvu71OVChOCOjOH7L9nve0d0yWB7euABLK', '94HconpdcC', '2023-12-29 14:23:35', '2023-12-29 14:23:35'),
('17136979296', 'vinsen88@example.net', '2023-12-29 14:23:30', '$2y$12$l/CeiRXgO.xN.4TMTSK6oO7GISP7LqlkzrPMI3XqkdUM7pFXlyAYG', 'MdnBpLBhAF', '2023-12-29 14:23:30', '2023-12-29 14:23:30'),
('17144837213', 'harsanto79@example.org', '2023-12-29 14:23:39', '$2y$12$Oa6XwBkpyY5pxy8GACWr6O.VD1h0stluo5BeZzPdWvcRbf1hGmPXW', 'HozMPnx9sj', '2023-12-29 14:23:40', '2023-12-29 14:23:40'),
('17160820330', 'pandu.situmorang@example.org', '2023-12-29 14:23:41', '$2y$12$EkT0MWo7qudi.40T2YAkc.oJif2qQ70JkP5qhgwG1.gowfEsgB63y', 'r9XMrZQ8IX', '2023-12-29 14:23:41', '2023-12-29 14:23:41'),
('17169903064', 'ihasanah@example.com', '2023-12-29 14:23:30', '$2y$12$ObLHCSvw1/wKNMJqHSDh4uv9SRSeX8vI8KNrx3v8A/aBcYkEJuPhO', '0hNhAb5GR9UI7aRZp61IGuo8HBxBG4sKDC5jbOnnlhejO0OFjvQOz8YiSwKW', '2023-12-29 14:23:30', '2023-12-29 14:23:30'),
('17179324404', 'mandasari.respati@example.com', '2023-12-29 14:23:41', '$2y$12$9qK6hZpRXcwL2yaEZBL5lOh2jGrLtfkmxmuu6U1NDL7ZLzVLwQCIO', 'uvmJ0pYBA1', '2023-12-29 14:23:42', '2023-12-29 14:23:42'),
('17184056701', 'xwidiastuti@example.com', '2023-12-29 14:23:26', '$2y$12$2/fqEnuX6ofuHydvTTSKfeE1/K/CXNn6xLoGj0SqDwr06Bi50t0cy', 'iPCOYENWqW', '2023-12-29 14:23:26', '2023-12-29 14:23:26'),
('17187427322', 'pangeran28@example.org', '2023-12-29 14:23:25', '$2y$12$FpxiGH9bjH1jPgSm6n//t.GzhCkqXOFDCL0Ov4V4v.Su/J/Zrcq6G', '0fWqbCGmMz', '2023-12-29 14:23:26', '2023-12-29 14:23:26'),
('17190947078', 'uyainah.oni@example.com', '2023-12-29 14:23:30', '$2y$12$g2HIgc7ESIwCwVOFBciz..Hc9yDbOYQvM/JgWmZOy/LTZCxXdp4a.', 'uAMAOw0AIpoKLyNFvtuxoDX9xzlhWLoPswC0NZlwIZqTV78EaIXK1cfp4hKM', '2023-12-29 14:23:31', '2023-12-29 14:23:31'),
('17191173703', 'dina69@example.com', '2023-12-29 14:23:32', '$2y$12$C0daeNs5POwRw7cCIyrs/.5BXR2Qn6fpA4HIPz2S2Ux2G3qFIBaXi', 'pcC6mUYNsd', '2023-12-29 14:23:32', '2023-12-29 14:23:32'),
('17218820046', 'budi99@example.com', '2023-12-29 14:23:23', '$2y$12$B.3Hp84KflFpHGV9hRV7hOM3z/hBU/szzlRUTQY5MZ3l7FmMjKm/K', 'MW7FhpCMOw', '2023-12-29 14:23:23', '2023-12-29 14:23:23'),
('17233584107', 'maulana.murti@example.com', '2023-12-29 14:23:27', '$2y$12$fe4hqA9gv5ULoUeJfEVMY.hKGy3FFtPDwYqoDNms8qcf1MXn/EbcC', 'sIDK9qVDjF', '2023-12-29 14:23:28', '2023-12-29 14:23:28'),
('17258133967', 'eli47@example.net', '2023-12-29 14:23:31', '$2y$12$ojDdn77M5WckEIUcGidF5.gDpmY2xJHrrQmYRcSKhu6WK2llUiQ.6', 'ToJoOGCYV7', '2023-12-29 14:23:31', '2023-12-29 14:23:31'),
('17282505298', 'nova.hastuti@example.net', '2023-12-29 14:23:33', '$2y$12$u8gVJ5wgh5kukc4M0Hd7oOXtz4lzGNOQtcbtt3/6A0GkBZ6yk3A5u', 'E8C7johbB9', '2023-12-29 14:23:33', '2023-12-29 14:23:33'),
('17298165734', 'wibisono.siska@example.com', '2023-12-29 14:23:36', '$2y$12$k27ZKXNew..3UH3r6xHJwuwG2Pm6KcbXogl.MLJcUqyhn3kjAUs86', '0pNG2YsjUq', '2023-12-29 14:23:36', '2023-12-29 14:23:36'),
('17318555069', 'clara74@example.net', '2023-12-29 14:23:40', '$2y$12$LBn5gevo.2hd1F43q4zJAO/lBL5w1I8yDFygY8bAJPIBTOeUAfD/G', 'lrEhYzT6na', '2023-12-29 14:23:41', '2023-12-29 14:23:41'),
('17321092472', 'hastuti.eli@example.com', '2023-12-29 14:23:37', '$2y$12$k1ZdzaEZF0JBg6AHxOWo4eNZon6ysSLo4wxdUa3M2iCLZN7/l8Ygi', 'J0eM0ot1mf', '2023-12-29 14:23:37', '2023-12-29 14:23:37'),
('17321268012', 'sihotang.kala@example.com', '2023-12-29 14:23:38', '$2y$12$sD5cm4jedWk0lTCR8NzLgOGvvTlXrvwr0OJRrRMRW3D5.ocqqa3La', 'pPX1498y6V', '2023-12-29 14:23:38', '2023-12-29 14:23:38'),
('17354366170', 'titin35@example.com', '2023-12-29 14:23:23', '$2y$12$E0e7onUK2aSaeRbfivXAaeRfmoYDHWdJp4EI77Hk5aVRoIgaDgP/C', 'pb4qIbHE9M', '2023-12-29 14:23:24', '2023-12-29 14:23:24'),
('17359443488', 'novitasari.rahmi@example.net', '2023-12-29 14:23:30', '$2y$12$5gfpOno8eiV3rkrdCREEy.ohEQvTTxU0rhqoJ5pdZHAPzTkvF2/Ta', '20msK82Hiu', '2023-12-29 14:23:30', '2023-12-29 14:23:30'),
('17369840046', 'ade46@example.com', '2023-12-29 14:23:43', '$2y$12$UudBuzHA2Wjn5eAGuMtQ..tipl6LcML/rvwvEFt/fuKXpkY.fvN.W', 'zPqhcLmRzM', '2023-12-29 14:23:43', '2023-12-29 14:23:43'),
('17381524283', 'mhassanah@example.com', '2023-12-29 14:23:28', '$2y$12$5ls6TwnjV9ZtE11IIhLWmeUV3AeiAKkzZ9e.ZFLPcQAwiCqKLwm0C', 'IC6j1hyrbX', '2023-12-29 14:23:28', '2023-12-29 14:23:28'),
('17425014520', 'xwidodo@example.com', '2023-12-29 14:23:43', '$2y$12$99a.C76e6VTrMwspvFLYgeE288MQt1kYv2fWiSU3kUTW4PVza/mE.', 'iHDTtN1I1L', '2023-12-29 14:23:43', '2023-12-29 14:23:43'),
('17438760117', 'pfujiati@example.com', '2023-12-29 14:23:26', '$2y$12$rex1FOE7TA9Q4jPGfqKxvOjQ.8Ov01v6V0wsCUfu0.f.8qVgMmG6e', 'pISHB3n8Du', '2023-12-29 14:23:26', '2023-12-29 14:23:26'),
('17438960939', 'rahmawati.capa@example.org', '2023-12-29 14:23:28', '$2y$12$a5//SSq9l9IXqk2qnCIvVeZOuTS0MgiQvF1zA4UOZ9WIWCysEAoZG', 'kriGLiYSNc', '2023-12-29 14:23:29', '2023-12-29 14:23:29'),
('17441388238', 'wijayanti.endah@example.com', '2023-12-29 14:23:24', '$2y$12$py8dtD11xdD68rtAlkS1aepJB3MhR1h.g4iMC1bbT4wEqlWm5fTGW', 'u0DklcpRMx', '2023-12-29 14:23:24', '2023-12-29 14:23:24'),
('17446189823', 'waluyo.firmansyah@example.com', '2023-12-29 14:23:33', '$2y$12$fBndx7aRf/DJAGL97hMdz.ZPhz9Lgs98Vo6JJdoSDe/EPY4d3Wtze', 'vY5LN6FSYc', '2023-12-29 14:23:34', '2023-12-29 14:23:34'),
('17449060664', 'asmuni09@example.net', '2023-12-29 14:23:36', '$2y$12$ixeOJRF850lNQvUstzC0seHhJuR8.ClcTqezoNFgwWXkmWzMEpPcC', 'UXHLbjQauC', '2023-12-29 14:23:36', '2023-12-29 14:23:36'),
('17449535490', 'jamalia05@example.org', '2023-12-29 14:23:27', '$2y$12$pKZLuJkgD0eJYYXBVSvLM.LycDnxEfqPrBlDdQjnEDMfzrQ2/BHXa', 'r5Uc9POCai', '2023-12-29 14:23:27', '2023-12-29 14:23:27'),
('17456613594', 'cornelia.kusumo@example.com', '2023-12-29 14:23:36', '$2y$12$qG.aHeJDfipv.uad711LUu3xqyxrd5/vxyX3CPjbERazADAark20C', 'k3GSfUMegn', '2023-12-29 14:23:37', '2023-12-29 14:23:37'),
('17459405115', 'vdabukke@example.net', '2023-12-29 14:23:42', '$2y$12$GNSWfoE5Y9q8ZsvLMfBAM..NxNL7qTAPQxODXYQbJ597Sx5ogpNTu', 'xcAxn39VV6', '2023-12-29 14:23:42', '2023-12-29 14:23:42'),
('17461177018', 'ilsa36@example.com', '2023-12-29 14:23:32', '$2y$12$p./qdmvtbtWIaTs70QU7g.DVHtiFyckduzH.gs2UmT8DSgtFyfH4O', 'RwDBi7hq6u', '2023-12-29 14:23:32', '2023-12-29 14:23:32'),
('17462391521', 'irwan36@example.net', '2023-12-29 14:23:40', '$2y$12$8qnOwbWmJeyN0M9VuqgEnu3wOSc8uzJrC6OAgLn3TD5M5Qls9BGXO', 'EG7KccdLxz', '2023-12-29 14:23:40', '2023-12-29 14:23:40'),
('17463564071', 'kusuma44@example.com', '2023-12-29 14:23:34', '$2y$12$hXUd0jecq6Vfpkt.PeJNyuc4oqeHAxZUDz6/GGnZTkSbGNGseT/MC', 'L2Az4A9tcD', '2023-12-29 14:23:34', '2023-12-29 14:23:34'),
('17467227381', 'irwan23@example.net', '2023-12-29 14:23:26', '$2y$12$56QwDOrTSBoghnIgvDi6qe7LqdKBR9zxEcOnJMb.acqWRcjLBOTKq', 'qZpaxfgaWP', '2023-12-29 14:23:27', '2023-12-29 14:23:27'),
('17497425520', 'lestari.marwata@example.org', '2023-12-29 14:23:31', '$2y$12$4jPfUftL83H33/eqdLJ63OYBhuZTCg/rqS/PiQtfn.DJX9vW5VRMG', 'MNvP2vanyE', '2023-12-29 14:23:31', '2023-12-29 14:23:31'),
('17511069357', 'pertiwi.vicky@example.org', '2023-12-29 14:23:38', '$2y$12$ZZE9TS0F4Nr96R/htgXvO.qXU5RwfY5b/QgakFhwfsBYiY91RaXsu', 'djamdg5icX', '2023-12-29 14:23:38', '2023-12-29 14:23:38'),
('17521746277', 'irma.hariyah@example.net', '2023-12-29 14:23:25', '$2y$12$ZXPgbczyYdl2kNRBUiWuseWBnxP4kt8VnV0MkLyylrblf7A/xKLlK', 'TCIAZIeziJ', '2023-12-29 14:23:25', '2023-12-29 14:23:25'),
('17530885923', 'artawan63@example.com', '2023-12-29 14:23:29', '$2y$12$ATBlMyz0HIENlx/Y6OCBHOkRmzxNtQ3Xkxpbfqb3mHlu023.xmZUG', 'neQs5gxZuu', '2023-12-29 14:23:29', '2023-12-29 14:23:29'),
('17575810624', 'dlaksita@example.net', '2023-12-29 14:23:27', '$2y$12$6ISWANJqkl2DE4LUsBX3R..4TRvix1jPxccNMplt7U4mWlvyVYaHa', 'Ctd6znFa5V', '2023-12-29 14:23:27', '2023-12-29 14:23:27'),
('17584397619', 'artanto41@example.com', '2023-12-29 14:23:38', '$2y$12$kh7lVmObRj691f8rWxC8TOp2HzmjfklAJg4d6If/g8IxufdLIDuP.', '5vv7JkljgO', '2023-12-29 14:23:38', '2023-12-29 14:23:38'),
('17587984680', 'ridwan.nainggolan@example.net', '2023-12-29 14:23:35', '$2y$12$WgrdiHoeGDUFCCWrYkszAO1HuPtzc0YZ3UPqjjq6RYwdptguS9IbO', '0AaARsQOgD', '2023-12-29 14:23:35', '2023-12-29 14:23:35'),
('17597625217', 'tusamah@example.org', '2023-12-29 14:23:29', '$2y$12$foFkF6aYGDqih2MvWYqcCeIHh/JWhb3rOPjN/4gbhxGrgu6zdv6ce', 'AGYccpsByE', '2023-12-29 14:23:29', '2023-12-29 14:23:29'),
('17614584128', 'rajata.mariadi@example.net', '2023-12-29 14:23:40', '$2y$12$STJ1fQF082jPJ/nH12mVLeQM706hNiq0vb4nYJWNTkmaFHfj5HDJa', 'uPQj6dpTg8', '2023-12-29 14:23:40', '2023-12-29 14:23:40'),
('17637208858', 'dprastuti@example.net', '2023-12-29 14:23:39', '$2y$12$kWF2Of2lNIHDwu1XxsBSNOCjFGzhOZeLtbs8HLwjyAXDBQhr1SFCu', 'SNg1iKLqPN', '2023-12-29 14:23:39', '2023-12-29 14:23:39'),
('17645744413', 'usamah.septi@example.com', '2023-12-29 14:23:44', '$2y$12$qtVXyULDZ84DUCdNjqtHxOIXHF8P3zWyA4q74F6TjxjcCplG9dQKK', 'M1hwyalFNd', '2023-12-29 14:23:44', '2023-12-29 14:23:44'),
('176482', 'asmadi45@example.org', '2023-12-29 14:23:20', '$2y$12$8gX/DqzWZHP/tPjq6y3Ns..Un9krSrDkEBf/Vsgt.BR9We92e/qpK', '0IpArSPQB5', '2023-12-29 14:23:21', '2023-12-29 14:23:21'),
('17652673630', 'mahesa.suartini@example.org', '2023-12-29 14:23:31', '$2y$12$W5OKu/hxuGnnmUj3B9urxuu9HcxWPgSyfaw1Y7h5zl1YwR3h0r9bS', 'QeQM0P4BvM', '2023-12-29 14:23:31', '2023-12-29 14:23:31'),
('17654385062', 'aramadan@example.org', '2023-12-29 14:23:34', '$2y$12$p66XvoR4Ss562m8XRRKZt.xTXIrJqY9uZPch3ZdGMX2Yt0k8qYGbG', 'ai1mfjLMg1', '2023-12-29 14:23:34', '2023-12-29 14:23:34'),
('17654625601', 'rahmi73@example.com', '2023-12-29 14:23:41', '$2y$12$noD/8ub5A6dZ4dT1l.iQKOZz.Few3PLRSjlrljNqSbHqzZEyenzqy', 'zOzY1IRokj', '2023-12-29 14:23:41', '2023-12-29 14:23:41'),
('17682056524', 'cornelia16@example.net', '2023-12-29 14:23:29', '$2y$12$DMgDJOEJqguuLsKeRRZnK.UZFGRN/NnvJEcBY2hEORejUFdpWurcW', 'IGalE7zRNFEf0sThknSwFmAZMHSwbxkt4OvMJxrk0xMXionBc1IRXDvgb3Wj', '2023-12-29 14:23:29', '2023-12-29 14:23:29'),
('17735154526', 'dsihombing@example.net', '2023-12-29 14:23:40', '$2y$12$SDY.JU0tDEbwstubPmLE.en0mutv7QwD19l3lihRcS5Jx5.3kD8Vy', 'WOxJll7f3X', '2023-12-29 14:23:40', '2023-12-29 14:23:40'),
('17741897327', 'genta.habibi@example.net', '2023-12-29 14:23:43', '$2y$12$0PmDwH3lT2NTgKt0HHV3/uBQyPBrQuqXzjavM0s/NFTPIu6L3HoUe', 'WKnTOuN9Ts', '2023-12-29 14:23:44', '2023-12-29 14:23:44'),
('17752555265', 'jailani.janet@example.com', '2023-12-29 14:23:35', '$2y$12$Nr11b5wHEd8.nOwaditP0.FaltJCU6nhRkeGqRBzc20v1DaPVS3.C', '2H76PyKNFB', '2023-12-29 14:23:35', '2023-12-29 14:23:35'),
('17755359049', 'gasti89@example.net', '2023-12-29 14:23:42', '$2y$12$m30caWSlspArSgvUWDuayOmEB0nHLgU9UaQY0nz3pv75U11fhlcrq', 'VBTvq9AUkJ', '2023-12-29 14:23:42', '2023-12-29 14:23:42'),
('17758760490', 'pangeran.nasyidah@example.org', '2023-12-29 14:23:32', '$2y$12$kC0v4xqyvnl5zuCGAB1X2ek8CGtFesMoGoJB7FR1VWjonpDBB6sJy', 'Mv1xZFK4NV', '2023-12-29 14:23:33', '2023-12-29 14:23:33'),
('17763522973', 'lukman.firgantoro@example.net', '2023-12-29 14:23:37', '$2y$12$hVCYObBR4OwBL1/Ozxrb.uAJV7wkpUIPOdJnykYWNdKHjtStAqybK', 'Zj30yip9WC', '2023-12-29 14:23:38', '2023-12-29 14:23:38'),
('17768832784', 'nasyidah.diana@example.org', '2023-12-29 14:23:25', '$2y$12$VPt8EhXy9C1i/YI/PN.8.elOKPlS./Tbdp7mdetVBqFXLoAiEKwS2', 'LdyiCc9qId', '2023-12-29 14:23:25', '2023-12-29 14:23:25'),
('17771630835', 'laras.suryatmi@example.net', '2023-12-29 14:23:31', '$2y$12$0QKCynIeZuMFD6guGipg/OpGmvleo3hpZN.6arI6pNTkVCfBqJnEG', 'QgCBmryt72', '2023-12-29 14:23:32', '2023-12-29 14:23:32'),
('17790044623', 'kanda12@example.org', '2023-12-29 14:23:24', '$2y$12$Ob43Y46oYLqvAg.edtxLwOhDyVunJrauQvJLp8.3Zf.YyQlXMkI7O', '2XjO015j7T', '2023-12-29 14:23:25', '2023-12-29 14:23:25'),
('17802392006', 'znuraini@example.com', '2023-12-29 14:23:42', '$2y$12$lla8kOogPTd./0prKbNCbOOX8bqA80BP4/opC0CKWqu/uD3rxHAVa', 'gKJ8WxrSSi', '2023-12-29 14:23:42', '2023-12-29 14:23:42'),
('17817260818', 'pmahendra@example.net', '2023-12-29 14:23:37', '$2y$12$BRtBaFBtf8cDf30R6ncoLOjruVxSIyCuFIIJEr6EpYhBd4Qcv/uky', 'weod4ihGuj', '2023-12-29 14:23:37', '2023-12-29 14:23:37'),
('17822089317', 'luwes.pradana@example.com', '2023-12-29 14:23:33', '$2y$12$kJVeEfasHeFn9bGPLZQ.xuSCs0PegY8F2ggPlQR.NUOS.6lBdNYuu', '9taDCGTZ52', '2023-12-29 14:23:33', '2023-12-29 14:23:33'),
('17864998263', 'fujiati.widya@example.org', '2023-12-29 14:23:28', '$2y$12$dvMhsNrLL90hfQIlXJviq.jPJKj4daz1D421R1h.ePFJlGDLpMgJ2', 'HPGX4mAyT0', '2023-12-29 14:23:28', '2023-12-29 14:23:28'),
('17872980284', 'pwahyudin@example.net', '2023-12-29 14:23:33', '$2y$12$LJai0klrCR/KEw1e4RYVoO5As/dS72rCJ8gc1Kw8YMpdCO5Zn.pfW', 'iGEHejuHmS', '2023-12-29 14:23:33', '2023-12-29 14:23:33'),
('17909088623', 'usamah.aurora@example.com', '2023-12-29 14:23:26', '$2y$12$8z5KT2/HdYBEUUTTIRGVme3L40TvTfz08FoDWwvtSkoeMFNkZbE3O', 'NHG2Dq0XOj', '2023-12-29 14:23:26', '2023-12-29 14:23:26'),
('17940685310', 'twahyuni@example.net', '2023-12-29 14:23:37', '$2y$12$0vhK8nIMcp0ixAEU34YMUeUz55jsizr4NcH1MUNo6yYusOKZba3oy', '2ZZw9G3haI', '2023-12-29 14:23:37', '2023-12-29 14:23:37'),
('17960948984', 'crahmawati@example.net', '2023-12-29 14:23:38', '$2y$12$JTiAfV6SRlnRTxz9e7Ug.uXybJ6wI.w.j5EOS88aQSUhqX46YVXki', 'IzUQYMfgUO', '2023-12-29 14:23:39', '2023-12-29 14:23:39'),
('17968533040', 'utama.zelaya@example.com', '2023-12-29 14:23:41', '$2y$12$B7ajOVnbop2Dd1JeV2Y9EulUELCXkmY7zVYFGnecA4/.c.Q8ctvCa', 'iKtyaLbPLU', '2023-12-29 14:23:41', '2023-12-29 14:23:41'),
('17986920950', 'oprasasta@example.org', '2023-12-29 14:23:44', '$2y$12$5..qIzS1S2I/YgIHmTsCEu40cL/CLxTj9I62vAC9XJNxy5e1e8E5W', 'lN9541TpqU', '2023-12-29 14:23:44', '2023-12-29 14:23:44'),
('208273', 'jhastuti@example.net', '2023-12-29 14:23:23', '$2y$12$l9.7zGP.a.2KZAoy4ER6qe8hwBzUPAXysP/E0zS1BZCuPgPaMtsty', 'a88Qo9K2xM', '2023-12-29 14:23:23', '2023-12-29 14:23:23'),
('325083', 'jarwa42@example.net', '2023-12-29 14:23:21', '$2y$12$vSFttBRuGJ7agAyD7TfVCun2RIzXEUbQj2fY4QCCbdLXxNRHUTIzm', 'qTSVybrbhzYQuYerUB7shDurro18oBxppjmxlYezTknl5xKAdmssVYfI8XlK', '2023-12-29 14:23:22', '2023-12-29 14:23:22'),
('431045', 'dalima84@example.org', '2023-12-29 14:23:22', '$2y$12$0AhJ7ht.7bwwMJ3PYbHbVuToJZV0WnbILshiSxLzw.hRqi04APpN2', 'nsqvaxYDPO', '2023-12-29 14:23:22', '2023-12-29 14:23:22'),
('462713', 'epranowo@example.org', '2023-12-29 14:23:21', '$2y$12$mBk6VLd2VyxSlI8sKF88F.Ez8jE9Wa7y6qPuTUtTZDiyrc/GvLbCu', '3vGN7xLkCyK7LRWUCha1I342VkqgPlxFU9eCdXgrJuD5vUeGrkoxcujfKgpE', '2023-12-29 14:23:21', '2023-12-29 14:23:21'),
('609498', 'agustina.titi@example.net', '2023-12-29 14:23:19', '$2y$12$cnuAt30K4D6KS/a7VWGTS.aq4v4mkOG6bgoN53ODTVDNSy4D1WgOa', '7g15XvrVxB', '2023-12-29 14:23:20', '2023-12-29 14:23:20'),
('659728', 'fpalastri@example.com', '2023-12-29 14:23:22', '$2y$12$cenQn9npjo/NMb8pqlzYCu/awivGHIqFl6TofEjXzr0h2rgIH2Fr.', 'O88cLfniyd', '2023-12-29 14:23:23', '2023-12-29 14:23:23'),
('687042', 'budiman.vanesa@example.com', '2023-12-29 14:23:20', '$2y$12$6gz/hDud.FzX4bwjYZl.tuQsu6dkQiyx4hsjKrAn0U7m5Bps5nn02', 'o5f0Kp8vdM3GYy5ktYrRtAV2ruEgj4ScmD5kXpF3zheNSpfa1GMG8iAlIDM4', '2023-12-29 14:23:20', '2023-12-29 14:23:20'),
('727995', 'bwibisono@example.org', '2023-12-29 14:23:22', '$2y$12$.WzAZ7ASdFOO8hSipIKhh.zIYp7VoQwWfJqcQEPo5iD/fXI/tljWC', 'DZjfaweT1x', '2023-12-29 14:23:22', '2023-12-29 14:23:22'),
('809544', 'ypratiwi@example.net', '2023-12-29 14:23:22', '$2y$12$ExwrLa8/Q1D4biYKbJYCwe6h8i5wDsbTVFFJjpf48KPfQn1JinVLS', 'oaUt13dosE', '2023-12-29 14:23:22', '2023-12-29 14:23:22'),
('840007', 'keisha53@example.com', '2023-12-29 14:23:19', '$2y$12$BdXUUrFz2/GP7NUbpcbS9eLG0lCWtwGhgs5YD1W.50P.nhSOXoD5.', 'i3o5QiPSv6', '2023-12-29 14:23:19', '2023-12-29 14:23:19'),
('877949', 'susamah@example.net', '2023-12-29 14:23:20', '$2y$12$sXgd2Cir70/a4RuqmMr0puDXF90UJq.JWAD5sKRYg6sECBNTztO.W', 'BmT6iid5Pw', '2023-12-29 14:23:20', '2023-12-29 14:23:20'),
('914692', 'ppurwanti@example.org', '2023-12-29 14:23:19', '$2y$12$LcZU8A9nuzNJZR4SJBFVKOB.oPq2EViwuBiuoQEk.fuFSnZG/zXWO', 'pa3LWReKbq', '2023-12-29 14:23:19', '2023-12-29 14:23:19'),
('951438', 'baktiadi20@example.com', '2023-12-29 14:23:21', '$2y$12$AQq5J.xj42512BhfksjvJ.VjwWZqydIkloDIC4D2yLdqiWJSaFND.', '6OjNR3lB3agSuKnaZoYUTddVsMlgFXUpJUnC9AJ7mxHVrQhz2vvgJNUUOadx', '2023-12-29 14:23:21', '2023-12-29 14:23:21');

-- --------------------------------------------------------

--
-- Struktur dari tabel `user_role`
--

CREATE TABLE `user_role` (
  `id` bigint(20) UNSIGNED NOT NULL,
  `user_id` varchar(11) NOT NULL,
  `role_id` bigint(20) UNSIGNED NOT NULL,
  `created_at` timestamp NULL DEFAULT NULL,
  `updated_at` timestamp NULL DEFAULT NULL
) ENGINE=InnoDB DEFAULT CHARSET=utf8mb4 COLLATE=utf8mb4_unicode_ci;

--
-- Dumping data untuk tabel `user_role`
--

INSERT INTO `user_role` (`id`, `user_id`, `role_id`, `created_at`, `updated_at`) VALUES
(1, '123456', 3, NULL, NULL),
(2, '914692', 3, NULL, NULL),
(3, '840007', 3, NULL, NULL),
(4, '609498', 3, NULL, NULL),
(5, '877949', 3, NULL, NULL),
(6, '687042', 2, NULL, NULL),
(7, '151748', 2, NULL, NULL),
(8, '176482', 2, NULL, NULL),
(9, '462713', 1, NULL, NULL),
(10, '951438', 1, NULL, NULL),
(11, '325083', 1, NULL, NULL),
(12, '809544', 1, NULL, NULL),
(13, '727995', 1, NULL, NULL),
(14, '431045', 1, NULL, NULL),
(15, '659728', 1, NULL, NULL),
(16, '208273', 1, NULL, NULL),
(17, '17218820046', 4, NULL, NULL),
(18, '17354366170', 4, NULL, NULL),
(19, '17052008008', 4, NULL, NULL),
(20, '17441388238', 4, NULL, NULL),
(21, '17790044623', 4, NULL, NULL),
(22, '17089711740', 4, NULL, NULL),
(23, '17521746277', 4, NULL, NULL),
(24, '17768832784', 4, NULL, NULL),
(25, '17187427322', 4, NULL, NULL),
(26, '17438760117', 4, NULL, NULL),
(27, '17909088623', 4, NULL, NULL),
(28, '17184056701', 4, NULL, NULL),
(29, '17467227381', 4, NULL, NULL),
(30, '17575810624', 4, NULL, NULL),
(31, '17449535490', 4, NULL, NULL),
(32, '17044723004', 4, NULL, NULL),
(33, '17233584107', 4, NULL, NULL),
(34, '17005377197', 4, NULL, NULL),
(35, '17864998263', 4, NULL, NULL),
(36, '17381524283', 4, NULL, NULL),
(37, '17438960939', 4, NULL, NULL),
(38, '17682056524', 4, NULL, NULL),
(39, '17597625217', 4, NULL, NULL),
(40, '17530885923', 4, NULL, NULL),
(41, '17359443488', 4, NULL, NULL),
(42, '17169903064', 4, NULL, NULL),
(43, '17136979296', 4, NULL, NULL),
(44, '17190947078', 4, NULL, NULL),
(45, '17652673630', 4, NULL, NULL),
(46, '17497425520', 4, NULL, NULL),
(47, '17258133967', 4, NULL, NULL),
(48, '17771630835', 4, NULL, NULL),
(49, '17103217434', 4, NULL, NULL),
(50, '17191173703', 4, NULL, NULL),
(51, '17461177018', 4, NULL, NULL),
(52, '17758760490', 4, NULL, NULL),
(53, '17872980284', 4, NULL, NULL),
(54, '17282505298', 4, NULL, NULL),
(55, '17822089317', 4, NULL, NULL),
(56, '17446189823', 4, NULL, NULL),
(57, '17079863880', 4, NULL, NULL),
(58, '17463564071', 4, NULL, NULL),
(59, '17654385062', 4, NULL, NULL),
(60, '17587984680', 4, NULL, NULL),
(61, '17105997884', 4, NULL, NULL),
(62, '17752555265', 4, NULL, NULL),
(63, '17054140456', 4, NULL, NULL),
(64, '17298165734', 4, NULL, NULL),
(65, '17087994870', 4, NULL, NULL),
(66, '17449060664', 4, NULL, NULL),
(67, '17456613594', 4, NULL, NULL),
(68, '17321092472', 4, NULL, NULL),
(69, '17817260818', 4, NULL, NULL),
(70, '17940685310', 4, NULL, NULL),
(71, '17763522973', 4, NULL, NULL),
(72, '17511069357', 4, NULL, NULL),
(73, '17584397619', 4, NULL, NULL),
(74, '17321268012', 4, NULL, NULL),
(75, '17960948984', 4, NULL, NULL),
(76, '17057778433', 4, NULL, NULL),
(77, '17637208858', 4, NULL, NULL),
(78, '17144837213', 4, NULL, NULL),
(79, '17735154526', 4, NULL, NULL),
(80, '17614584128', 4, NULL, NULL),
(81, '17462391521', 4, NULL, NULL),
(82, '17318555069', 4, NULL, NULL),
(83, '17160820330', 4, NULL, NULL),
(84, '17654625601', 4, NULL, NULL),
(85, '17968533040', 4, NULL, NULL),
(86, '17179324404', 4, NULL, NULL),
(87, '17755359049', 4, NULL, NULL),
(88, '17459405115', 4, NULL, NULL),
(89, '17802392006', 4, NULL, NULL),
(90, '17018814599', 4, NULL, NULL),
(91, '17425014520', 4, NULL, NULL),
(92, '17008533412', 4, NULL, NULL),
(93, '17369840046', 4, NULL, NULL),
(94, '17741897327', 4, NULL, NULL),
(95, '17645744413', 4, NULL, NULL),
(96, '17986920950', 4, NULL, NULL),
(97, '12345678901', 4, NULL, NULL);

--
-- Indexes for dumped tables
--

--
-- Indeks untuk tabel `answers`
--
ALTER TABLE `answers`
  ADD PRIMARY KEY (`id`),
  ADD UNIQUE KEY `answers_submission_id_question_id_unique` (`submission_id`,`question_id`),
  ADD KEY `answers_question_id_foreign` (`question_id`);

--
-- Indeks untuk tabel `categories`
--
ALTER TABLE `categories`
  ADD PRIMARY KEY (`id`),
  ADD UNIQUE KEY `categories_name_unique` (`name`);

--
-- Indeks untuk tabel `employees`
--
ALTER TABLE `employees`
  ADD PRIMARY KEY (`nik`);

--
-- Indeks untuk tabel `faculties`
--
ALTER TABLE `faculties`
  ADD PRIMARY KEY (`id`),
  ADD KEY `faculties_mngr_id_foreign` (`mngr_id`);

--
-- Indeks untuk tabel `failed_jobs`
--
ALTER TABLE `failed_jobs`
  ADD PRIMARY KEY (`id`),
  ADD UNIQUE KEY `failed_jobs_uuid_unique` (`uuid`);

--
-- Indeks untuk tabel `migrations`
--
ALTER TABLE `migrations`
  ADD PRIMARY KEY (`id`);

--
-- Indeks untuk tabel `password_resets`
--
ALTER TABLE `password_resets`
  ADD KEY `password_resets_email_index` (`email`);

--
-- Indeks untuk tabel `password_reset_tokens`
--
ALTER TABLE `password_reset_tokens`
  ADD PRIMARY KEY (`email`);

--
-- Indeks untuk tabel `personal_access_tokens`
--
ALTER TABLE `personal_access_tokens`
  ADD PRIMARY KEY (`id`),
  ADD UNIQUE KEY `personal_access_tokens_token_unique` (`token`),
  ADD KEY `personal_access_tokens_tokenable_type_tokenable_id_index` (`tokenable_type`,`tokenable_id`);

--
-- Indeks untuk tabel `questionnaires`
--
ALTER TABLE `questionnaires`
  ADD PRIMARY KEY (`id`),
  ADD KEY `questionnaires_study_program_id_foreign` (`study_program_id`);

--
-- Indeks untuk tabel `questions`
--
ALTER TABLE `questions`
  ADD PRIMARY KEY (`id`),
  ADD KEY `questions_questionnaire_id_foreign` (`questionnaire_id`),
  ADD KEY `questions_category_id_foreign` (`category_id`);

--
-- Indeks untuk tabel `roles`
--
ALTER TABLE `roles`
  ADD PRIMARY KEY (`id`),
  ADD UNIQUE KEY `roles_name_unique` (`name`);

--
-- Indeks untuk tabel `semesters`
--
ALTER TABLE `semesters`
  ADD PRIMARY KEY (`study_program_id`);

--
-- Indeks untuk tabel `students`
--
ALTER TABLE `students`
  ADD PRIMARY KEY (`nim`),
  ADD KEY `students_study_program_id_foreign` (`study_program_id`);

--
-- Indeks untuk tabel `study_programs`
--
ALTER TABLE `study_programs`
  ADD PRIMARY KEY (`id`),
  ADD KEY `study_programs_faculty_id_foreign` (`faculty_id`),
  ADD KEY `study_programs_mngr_id_foreign` (`mngr_id`);

--
-- Indeks untuk tabel `submissions`
--
ALTER TABLE `submissions`
  ADD PRIMARY KEY (`id`),
  ADD UNIQUE KEY `submissions_questionnaire_id_nim_unique` (`questionnaire_id`,`nim`),
  ADD KEY `submissions_nim_foreign` (`nim`);

--
-- Indeks untuk tabel `users`
--
ALTER TABLE `users`
  ADD PRIMARY KEY (`id`),
  ADD UNIQUE KEY `users_email_unique` (`email`);

--
-- Indeks untuk tabel `user_role`
--
ALTER TABLE `user_role`
  ADD PRIMARY KEY (`id`),
  ADD KEY `user_role_user_id_foreign` (`user_id`),
  ADD KEY `user_role_role_id_foreign` (`role_id`);

--
-- AUTO_INCREMENT untuk tabel yang dibuang
--

--
-- AUTO_INCREMENT untuk tabel `answers`
--
ALTER TABLE `answers`
  MODIFY `id` bigint(20) UNSIGNED NOT NULL AUTO_INCREMENT, AUTO_INCREMENT=250;

--
-- AUTO_INCREMENT untuk tabel `categories`
--
ALTER TABLE `categories`
  MODIFY `id` bigint(20) UNSIGNED NOT NULL AUTO_INCREMENT, AUTO_INCREMENT=6;

--
-- AUTO_INCREMENT untuk tabel `faculties`
--
ALTER TABLE `faculties`
  MODIFY `id` bigint(20) UNSIGNED NOT NULL AUTO_INCREMENT, AUTO_INCREMENT=4;

--
-- AUTO_INCREMENT untuk tabel `failed_jobs`
--
ALTER TABLE `failed_jobs`
  MODIFY `id` bigint(20) UNSIGNED NOT NULL AUTO_INCREMENT;

--
-- AUTO_INCREMENT untuk tabel `migrations`
--
ALTER TABLE `migrations`
  MODIFY `id` int(10) UNSIGNED NOT NULL AUTO_INCREMENT, AUTO_INCREMENT=18;

--
-- AUTO_INCREMENT untuk tabel `personal_access_tokens`
--
ALTER TABLE `personal_access_tokens`
  MODIFY `id` bigint(20) UNSIGNED NOT NULL AUTO_INCREMENT;

--
-- AUTO_INCREMENT untuk tabel `questionnaires`
--
ALTER TABLE `questionnaires`
  MODIFY `id` bigint(20) UNSIGNED NOT NULL AUTO_INCREMENT, AUTO_INCREMENT=13;

--
-- AUTO_INCREMENT untuk tabel `questions`
--
ALTER TABLE `questions`
  MODIFY `id` bigint(20) UNSIGNED NOT NULL AUTO_INCREMENT, AUTO_INCREMENT=59;

--
-- AUTO_INCREMENT untuk tabel `roles`
--
ALTER TABLE `roles`
  MODIFY `id` bigint(20) UNSIGNED NOT NULL AUTO_INCREMENT, AUTO_INCREMENT=5;

--
-- AUTO_INCREMENT untuk tabel `study_programs`
--
ALTER TABLE `study_programs`
  MODIFY `id` bigint(20) UNSIGNED NOT NULL AUTO_INCREMENT, AUTO_INCREMENT=9;

--
-- AUTO_INCREMENT untuk tabel `submissions`
--
ALTER TABLE `submissions`
  MODIFY `id` bigint(20) UNSIGNED NOT NULL AUTO_INCREMENT, AUTO_INCREMENT=23;

--
-- AUTO_INCREMENT untuk tabel `user_role`
--
ALTER TABLE `user_role`
  MODIFY `id` bigint(20) UNSIGNED NOT NULL AUTO_INCREMENT, AUTO_INCREMENT=98;

--
-- Ketidakleluasaan untuk tabel pelimpahan (Dumped Tables)
--

--
-- Ketidakleluasaan untuk tabel `answers`
--
ALTER TABLE `answers`
  ADD CONSTRAINT `answers_question_id_foreign` FOREIGN KEY (`question_id`) REFERENCES `questions` (`id`),
  ADD CONSTRAINT `answers_submission_id_foreign` FOREIGN KEY (`submission_id`) REFERENCES `submissions` (`id`);

--
-- Ketidakleluasaan untuk tabel `employees`
--
ALTER TABLE `employees`
  ADD CONSTRAINT `employees_nik_foreign` FOREIGN KEY (`nik`) REFERENCES `users` (`id`) ON DELETE CASCADE;

--
-- Ketidakleluasaan untuk tabel `faculties`
--
ALTER TABLE `faculties`
  ADD CONSTRAINT `faculties_mngr_id_foreign` FOREIGN KEY (`mngr_id`) REFERENCES `employees` (`nik`);

--
-- Ketidakleluasaan untuk tabel `questionnaires`
--
ALTER TABLE `questionnaires`
  ADD CONSTRAINT `questionnaires_study_program_id_foreign` FOREIGN KEY (`study_program_id`) REFERENCES `study_programs` (`id`);

--
-- Ketidakleluasaan untuk tabel `questions`
--
ALTER TABLE `questions`
  ADD CONSTRAINT `questions_category_id_foreign` FOREIGN KEY (`category_id`) REFERENCES `categories` (`id`),
  ADD CONSTRAINT `questions_questionnaire_id_foreign` FOREIGN KEY (`questionnaire_id`) REFERENCES `questionnaires` (`id`);

--
-- Ketidakleluasaan untuk tabel `semesters`
--
ALTER TABLE `semesters`
  ADD CONSTRAINT `semesters_study_program_id_foreign` FOREIGN KEY (`study_program_id`) REFERENCES `study_programs` (`id`);

--
-- Ketidakleluasaan untuk tabel `students`
--
ALTER TABLE `students`
  ADD CONSTRAINT `students_nim_foreign` FOREIGN KEY (`nim`) REFERENCES `users` (`id`) ON DELETE CASCADE,
  ADD CONSTRAINT `students_study_program_id_foreign` FOREIGN KEY (`study_program_id`) REFERENCES `study_programs` (`id`);

--
-- Ketidakleluasaan untuk tabel `study_programs`
--
ALTER TABLE `study_programs`
  ADD CONSTRAINT `study_programs_faculty_id_foreign` FOREIGN KEY (`faculty_id`) REFERENCES `faculties` (`id`),
  ADD CONSTRAINT `study_programs_mngr_id_foreign` FOREIGN KEY (`mngr_id`) REFERENCES `employees` (`nik`);

--
-- Ketidakleluasaan untuk tabel `submissions`
--
ALTER TABLE `submissions`
  ADD CONSTRAINT `submissions_nim_foreign` FOREIGN KEY (`nim`) REFERENCES `students` (`nim`),
  ADD CONSTRAINT `submissions_questionnaire_id_foreign` FOREIGN KEY (`questionnaire_id`) REFERENCES `questionnaires` (`id`);

--
-- Ketidakleluasaan untuk tabel `user_role`
--
ALTER TABLE `user_role`
  ADD CONSTRAINT `user_role_role_id_foreign` FOREIGN KEY (`role_id`) REFERENCES `roles` (`id`) ON DELETE CASCADE,
  ADD CONSTRAINT `user_role_user_id_foreign` FOREIGN KEY (`user_id`) REFERENCES `users` (`id`) ON DELETE CASCADE;
COMMIT;

/*!40101 SET CHARACTER_SET_CLIENT=@OLD_CHARACTER_SET_CLIENT */;
/*!40101 SET CHARACTER_SET_RESULTS=@OLD_CHARACTER_SET_RESULTS */;
/*!40101 SET COLLATION_CONNECTION=@OLD_COLLATION_CONNECTION */;
